(DXF CAM 0.3.0 - experimental - millimetres)
(G54 zero: selected XY origin; Z zero: stock top)
(Preview and air cut required; direct plunge entries)
G90
G21
G17
G94
G54
G40
G49
M5
G0 Z5.0000
M3 S10000
G4 P2.000 (spindle start delay)
(Operation 1: Engrave; depth 0.2000 mm)
G0 X27.0000 Y18.0000
G1 Z-0.2000 F80.000
G1 X30.0000 Y22.0000 F300.000
G1 X33.0000 Y18.0000 F300.000
G0 Z5.0000
(Operation 2: Pocket; depth 1.0000 mm)
G0 X9.5877 Y9.5877
G1 Z-0.2500 F80.000
G1 X9.5877 Y30.4123 F300.000
G1 X50.4123 Y30.4123 F300.000
G1 X50.4123 Y9.5877 F300.000
G1 X9.5877 Y9.5877 F300.000
G0 Z5.0000
G0 X22.4123 Y14.0000
G1 Z-0.2500 F80.000
G1 X22.4128 Y13.9610 F300.000
G1 X22.4142 Y13.9221 F300.000
G1 X22.4166 Y13.8832 F300.000
G1 X22.4199 Y13.8444 F300.000
G1 X22.4242 Y13.8056 F300.000
G1 X22.4295 Y13.7670 F300.000
G1 X22.4357 Y13.7286 F300.000
G1 X22.4428 Y13.6903 F300.000
G1 X22.4509 Y13.6521 F300.000
G1 X22.4599 Y13.6142 F300.000
G1 X22.4698 Y13.5765 F300.000
G1 X22.4806 Y13.5391 F300.000
G1 X22.4924 Y13.5020 F300.000
G1 X22.5051 Y13.4651 F300.000
G1 X22.5187 Y13.4286 F300.000
G1 X22.5331 Y13.3924 F300.000
G1 X22.5485 Y13.3566 F300.000
G1 X22.5647 Y13.3212 F300.000
G1 X22.5818 Y13.2861 F300.000
G1 X22.5998 Y13.2516 F300.000
G1 X22.6185 Y13.2174 F300.000
G1 X22.6382 Y13.1837 F300.000
G1 X22.6586 Y13.1506 F300.000
G1 X22.6799 Y13.1179 F300.000
G1 X22.7019 Y13.0858 F300.000
G1 X22.7247 Y13.0542 F300.000
G1 X22.7483 Y13.0232 F300.000
G1 X22.7727 Y12.9928 F300.000
G1 X22.7978 Y12.9629 F300.000
G1 X22.8236 Y12.9338 F300.000
G1 X22.8501 Y12.9052 F300.000
G1 X22.8773 Y12.8773 F300.000
G1 X22.9052 Y12.8501 F300.000
G1 X22.9338 Y12.8236 F300.000
G1 X22.9629 Y12.7978 F300.000
G1 X22.9928 Y12.7727 F300.000
G1 X23.0232 Y12.7483 F300.000
G1 X23.0542 Y12.7247 F300.000
G1 X23.0858 Y12.7019 F300.000
G1 X23.1179 Y12.6799 F300.000
G1 X23.1506 Y12.6586 F300.000
G1 X23.1837 Y12.6382 F300.000
G1 X23.2174 Y12.6185 F300.000
G1 X23.2516 Y12.5998 F300.000
G1 X23.2861 Y12.5818 F300.000
G1 X23.3212 Y12.5647 F300.000
G1 X23.3566 Y12.5485 F300.000
G1 X23.3924 Y12.5331 F300.000
G1 X23.4286 Y12.5187 F300.000
G1 X23.4651 Y12.5051 F300.000
G1 X23.5020 Y12.4924 F300.000
G1 X23.5391 Y12.4806 F300.000
G1 X23.5765 Y12.4698 F300.000
G1 X23.6142 Y12.4599 F300.000
G1 X23.6521 Y12.4509 F300.000
G1 X23.6903 Y12.4428 F300.000
G1 X23.7286 Y12.4357 F300.000
G1 X23.7670 Y12.4295 F300.000
G1 X23.8056 Y12.4242 F300.000
G1 X23.8444 Y12.4199 F300.000
G1 X23.8832 Y12.4166 F300.000
G1 X23.9221 Y12.4142 F300.000
G1 X23.9610 Y12.4128 F300.000
G1 X24.0000 Y12.4123 F300.000
G1 X36.0000 Y12.4123 F300.000
G1 X36.0390 Y12.4128 F300.000
G1 X36.0779 Y12.4142 F300.000
G1 X36.1168 Y12.4166 F300.000
G1 X36.1556 Y12.4199 F300.000
G1 X36.1944 Y12.4242 F300.000
G1 X36.2330 Y12.4295 F300.000
G1 X36.2714 Y12.4357 F300.000
G1 X36.3097 Y12.4428 F300.000
G1 X36.3479 Y12.4509 F300.000
G1 X36.3858 Y12.4599 F300.000
G1 X36.4235 Y12.4698 F300.000
G1 X36.4609 Y12.4806 F300.000
G1 X36.4980 Y12.4924 F300.000
G1 X36.5349 Y12.5051 F300.000
G1 X36.5714 Y12.5187 F300.000
G1 X36.6076 Y12.5331 F300.000
G1 X36.6434 Y12.5485 F300.000
G1 X36.6788 Y12.5647 F300.000
G1 X36.7139 Y12.5818 F300.000
G1 X36.7484 Y12.5998 F300.000
G1 X36.7826 Y12.6185 F300.000
G1 X36.8163 Y12.6382 F300.000
G1 X36.8494 Y12.6586 F300.000
G1 X36.8821 Y12.6799 F300.000
G1 X36.9142 Y12.7019 F300.000
G1 X36.9458 Y12.7247 F300.000
G1 X36.9768 Y12.7483 F300.000
G1 X37.0072 Y12.7727 F300.000
G1 X37.0371 Y12.7978 F300.000
G1 X37.0662 Y12.8236 F300.000
G1 X37.0948 Y12.8501 F300.000
G1 X37.1227 Y12.8773 F300.000
G1 X37.1499 Y12.9052 F300.000
G1 X37.1764 Y12.9338 F300.000
G1 X37.2022 Y12.9629 F300.000
G1 X37.2273 Y12.9928 F300.000
G1 X37.2517 Y13.0232 F300.000
G1 X37.2753 Y13.0542 F300.000
G1 X37.2981 Y13.0858 F300.000
G1 X37.3201 Y13.1179 F300.000
G1 X37.3414 Y13.1506 F300.000
G1 X37.3618 Y13.1837 F300.000
G1 X37.3815 Y13.2174 F300.000
G1 X37.4002 Y13.2516 F300.000
G1 X37.4182 Y13.2861 F300.000
G1 X37.4353 Y13.3212 F300.000
G1 X37.4515 Y13.3566 F300.000
G1 X37.4669 Y13.3924 F300.000
G1 X37.4813 Y13.4286 F300.000
G1 X37.4949 Y13.4651 F300.000
G1 X37.5076 Y13.5020 F300.000
G1 X37.5194 Y13.5391 F300.000
G1 X37.5302 Y13.5765 F300.000
G1 X37.5401 Y13.6142 F300.000
G1 X37.5491 Y13.6521 F300.000
G1 X37.5572 Y13.6903 F300.000
G1 X37.5643 Y13.7286 F300.000
G1 X37.5705 Y13.7670 F300.000
G1 X37.5758 Y13.8056 F300.000
G1 X37.5801 Y13.8444 F300.000
G1 X37.5834 Y13.8832 F300.000
G1 X37.5858 Y13.9221 F300.000
G1 X37.5872 Y13.9610 F300.000
G1 X37.5877 Y14.0000 F300.000
G1 X37.5877 Y26.0000 F300.000
G1 X37.5872 Y26.0390 F300.000
G1 X37.5858 Y26.0779 F300.000
G1 X37.5834 Y26.1168 F300.000
G1 X37.5801 Y26.1556 F300.000
G1 X37.5758 Y26.1944 F300.000
G1 X37.5705 Y26.2330 F300.000
G1 X37.5643 Y26.2714 F300.000
G1 X37.5572 Y26.3097 F300.000
G1 X37.5491 Y26.3479 F300.000
G1 X37.5401 Y26.3858 F300.000
G1 X37.5302 Y26.4235 F300.000
G1 X37.5194 Y26.4609 F300.000
G1 X37.5076 Y26.4980 F300.000
G1 X37.4949 Y26.5349 F300.000
G1 X37.4813 Y26.5714 F300.000
G1 X37.4669 Y26.6076 F300.000
G1 X37.4515 Y26.6434 F300.000
G1 X37.4353 Y26.6788 F300.000
G1 X37.4182 Y26.7139 F300.000
G1 X37.4002 Y26.7484 F300.000
G1 X37.3815 Y26.7826 F300.000
G1 X37.3618 Y26.8163 F300.000
G1 X37.3414 Y26.8494 F300.000
G1 X37.3201 Y26.8821 F300.000
G1 X37.2981 Y26.9142 F300.000
G1 X37.2753 Y26.9458 F300.000
G1 X37.2517 Y26.9768 F300.000
G1 X37.2273 Y27.0072 F300.000
G1 X37.2022 Y27.0371 F300.000
G1 X37.1764 Y27.0662 F300.000
G1 X37.1499 Y27.0948 F300.000
G1 X37.1227 Y27.1227 F300.000
G1 X37.0948 Y27.1499 F300.000
G1 X37.0662 Y27.1764 F300.000
G1 X37.0371 Y27.2022 F300.000
G1 X37.0072 Y27.2273 F300.000
G1 X36.9768 Y27.2517 F300.000
G1 X36.9458 Y27.2753 F300.000
G1 X36.9142 Y27.2981 F300.000
G1 X36.8821 Y27.3201 F300.000
G1 X36.8494 Y27.3414 F300.000
G1 X36.8163 Y27.3618 F300.000
G1 X36.7826 Y27.3815 F300.000
G1 X36.7484 Y27.4002 F300.000
G1 X36.7139 Y27.4182 F300.000
G1 X36.6788 Y27.4353 F300.000
G1 X36.6434 Y27.4515 F300.000
G1 X36.6076 Y27.4669 F300.000
G1 X36.5714 Y27.4813 F300.000
G1 X36.5349 Y27.4949 F300.000
G1 X36.4980 Y27.5076 F300.000
G1 X36.4609 Y27.5194 F300.000
G1 X36.4235 Y27.5302 F300.000
G1 X36.3858 Y27.5401 F300.000
G1 X36.3479 Y27.5491 F300.000
G1 X36.3097 Y27.5572 F300.000
G1 X36.2714 Y27.5643 F300.000
G1 X36.2330 Y27.5705 F300.000
G1 X36.1944 Y27.5758 F300.000
G1 X36.1556 Y27.5801 F300.000
G1 X36.1168 Y27.5834 F300.000
G1 X36.0779 Y27.5858 F300.000
G1 X36.0390 Y27.5872 F300.000
G1 X36.0000 Y27.5877 F300.000
G1 X24.0000 Y27.5877 F300.000
G1 X23.9610 Y27.5872 F300.000
G1 X23.9221 Y27.5858 F300.000
G1 X23.8832 Y27.5834 F300.000
G1 X23.8444 Y27.5801 F300.000
G1 X23.8056 Y27.5758 F300.000
G1 X23.7670 Y27.5705 F300.000
G1 X23.7286 Y27.5643 F300.000
G1 X23.6903 Y27.5572 F300.000
G1 X23.6521 Y27.5491 F300.000
G1 X23.6142 Y27.5401 F300.000
G1 X23.5765 Y27.5302 F300.000
G1 X23.5391 Y27.5194 F300.000
G1 X23.5020 Y27.5076 F300.000
G1 X23.4651 Y27.4949 F300.000
G1 X23.4286 Y27.4813 F300.000
G1 X23.3924 Y27.4669 F300.000
G1 X23.3566 Y27.4515 F300.000
G1 X23.3212 Y27.4353 F300.000
G1 X23.2861 Y27.4182 F300.000
G1 X23.2516 Y27.4002 F300.000
G1 X23.2174 Y27.3815 F300.000
G1 X23.1837 Y27.3618 F300.000
G1 X23.1506 Y27.3414 F300.000
G1 X23.1179 Y27.3201 F300.000
G1 X23.0858 Y27.2981 F300.000
G1 X23.0542 Y27.2753 F300.000
G1 X23.0232 Y27.2517 F300.000
G1 X22.9928 Y27.2273 F300.000
G1 X22.9629 Y27.2022 F300.000
G1 X22.9338 Y27.1764 F300.000
G1 X22.9052 Y27.1499 F300.000
G1 X22.8773 Y27.1227 F300.000
G1 X22.8501 Y27.0948 F300.000
G1 X22.8236 Y27.0662 F300.000
G1 X22.7978 Y27.0371 F300.000
G1 X22.7727 Y27.0072 F300.000
G1 X22.7483 Y26.9768 F300.000
G1 X22.7247 Y26.9458 F300.000
G1 X22.7019 Y26.9142 F300.000
G1 X22.6799 Y26.8821 F300.000
G1 X22.6586 Y26.8494 F300.000
G1 X22.6382 Y26.8163 F300.000
G1 X22.6185 Y26.7826 F300.000
G1 X22.5998 Y26.7484 F300.000
G1 X22.5818 Y26.7139 F300.000
G1 X22.5647 Y26.6788 F300.000
G1 X22.5485 Y26.6434 F300.000
G1 X22.5331 Y26.6076 F300.000
G1 X22.5187 Y26.5714 F300.000
G1 X22.5051 Y26.5349 F300.000
G1 X22.4924 Y26.4980 F300.000
G1 X22.4806 Y26.4609 F300.000
G1 X22.4698 Y26.4235 F300.000
G1 X22.4599 Y26.3858 F300.000
G1 X22.4509 Y26.3479 F300.000
G1 X22.4428 Y26.3097 F300.000
G1 X22.4357 Y26.2714 F300.000
G1 X22.4295 Y26.2330 F300.000
G1 X22.4242 Y26.1944 F300.000
G1 X22.4199 Y26.1556 F300.000
G1 X22.4166 Y26.1168 F300.000
G1 X22.4142 Y26.0779 F300.000
G1 X22.4128 Y26.0390 F300.000
G1 X22.4123 Y26.0000 F300.000
G1 X22.4123 Y14.0000 F300.000
G0 Z5.0000
G0 X10.8577 Y10.8577
G1 Z-0.2500 F80.000
G1 X10.8577 Y29.1423 F300.000
G1 X49.1423 Y29.1423 F300.000
G1 X49.1423 Y10.8577 F300.000
G1 X10.8577 Y10.8577 F300.000
G0 Z5.0000
G0 X21.1423 Y14.0000
G1 Z-0.2500 F80.000
G1 X21.1431 Y13.9299 F300.000
G1 X21.1457 Y13.8598 F300.000
G1 X21.1500 Y13.7898 F300.000
G1 X21.1560 Y13.7199 F300.000
G1 X21.1638 Y13.6502 F300.000
G1 X21.1732 Y13.5807 F300.000
G1 X21.1844 Y13.5114 F300.000
G1 X21.1972 Y13.4425 F300.000
G1 X21.2117 Y13.3739 F300.000
G1 X21.2279 Y13.3056 F300.000
G1 X21.2458 Y13.2378 F300.000
G1 X21.2653 Y13.1704 F300.000
G1 X21.2865 Y13.1036 F300.000
G1 X21.3093 Y13.0373 F300.000
G1 X21.3338 Y12.9715 F300.000
G1 X21.3598 Y12.9064 F300.000
G1 X21.3874 Y12.8419 F300.000
G1 X21.4167 Y12.7782 F300.000
G1 X21.4474 Y12.7151 F300.000
G1 X21.4797 Y12.6529 F300.000
G1 X21.5135 Y12.5914 F300.000
G1 X21.5489 Y12.5308 F300.000
G1 X21.5856 Y12.4711 F300.000
G1 X21.6239 Y12.4123 F300.000
G1 X21.6636 Y12.3545 F300.000
G1 X21.7047 Y12.2977 F300.000
G1 X21.7471 Y12.2418 F300.000
G1 X21.7910 Y12.1871 F300.000
G1 X21.8361 Y12.1334 F300.000
G1 X21.8826 Y12.0809 F300.000
G1 X21.9303 Y12.0295 F300.000
G1 X21.9793 Y11.9793 F300.000
G1 X22.0295 Y11.9303 F300.000
G1 X22.0809 Y11.8826 F300.000
G1 X22.1334 Y11.8361 F300.000
G1 X22.1871 Y11.7910 F300.000
G1 X22.2418 Y11.7471 F300.000
G1 X22.2977 Y11.7047 F300.000
G1 X22.3545 Y11.6636 F300.000
G1 X22.4123 Y11.6239 F300.000
G1 X22.4711 Y11.5856 F300.000
G1 X22.5308 Y11.5489 F300.000
G1 X22.5914 Y11.5135 F300.000
G1 X22.6529 Y11.4797 F300.000
G1 X22.7151 Y11.4474 F300.000
G1 X22.7782 Y11.4167 F300.000
G1 X22.8419 Y11.3874 F300.000
G1 X22.9064 Y11.3598 F300.000
G1 X22.9715 Y11.3338 F300.000
G1 X23.0373 Y11.3093 F300.000
G1 X23.1036 Y11.2865 F300.000
G1 X23.1704 Y11.2653 F300.000
G1 X23.2378 Y11.2458 F300.000
G1 X23.3056 Y11.2279 F300.000
G1 X23.3739 Y11.2117 F300.000
G1 X23.4425 Y11.1972 F300.000
G1 X23.5114 Y11.1844 F300.000
G1 X23.5807 Y11.1732 F300.000
G1 X23.6502 Y11.1638 F300.000
G1 X23.7199 Y11.1560 F300.000
G1 X23.7898 Y11.1500 F300.000
G1 X23.8598 Y11.1457 F300.000
G1 X23.9299 Y11.1431 F300.000
G1 X24.0000 Y11.1423 F300.000
G1 X36.0000 Y11.1423 F300.000
G1 X36.0701 Y11.1431 F300.000
G1 X36.1402 Y11.1457 F300.000
G1 X36.2102 Y11.1500 F300.000
G1 X36.2801 Y11.1560 F300.000
G1 X36.3498 Y11.1638 F300.000
G1 X36.4193 Y11.1732 F300.000
G1 X36.4886 Y11.1844 F300.000
G1 X36.5575 Y11.1972 F300.000
G1 X36.6261 Y11.2117 F300.000
G1 X36.6944 Y11.2279 F300.000
G1 X36.7622 Y11.2458 F300.000
G1 X36.8296 Y11.2653 F300.000
G1 X36.8964 Y11.2865 F300.000
G1 X36.9627 Y11.3093 F300.000
G1 X37.0285 Y11.3338 F300.000
G1 X37.0936 Y11.3598 F300.000
G1 X37.1581 Y11.3874 F300.000
G1 X37.2218 Y11.4167 F300.000
G1 X37.2849 Y11.4474 F300.000
G1 X37.3471 Y11.4797 F300.000
G1 X37.4086 Y11.5135 F300.000
G1 X37.4692 Y11.5489 F300.000
G1 X37.5289 Y11.5856 F300.000
G1 X37.5877 Y11.6239 F300.000
G1 X37.6455 Y11.6636 F300.000
G1 X37.7023 Y11.7047 F300.000
G1 X37.7582 Y11.7471 F300.000
G1 X37.8129 Y11.7910 F300.000
G1 X37.8666 Y11.8361 F300.000
G1 X37.9191 Y11.8826 F300.000
G1 X37.9705 Y11.9303 F300.000
G1 X38.0207 Y11.9793 F300.000
G1 X38.0697 Y12.0295 F300.000
G1 X38.1174 Y12.0809 F300.000
G1 X38.1639 Y12.1334 F300.000
G1 X38.2090 Y12.1871 F300.000
G1 X38.2529 Y12.2418 F300.000
G1 X38.2953 Y12.2977 F300.000
G1 X38.3364 Y12.3545 F300.000
G1 X38.3761 Y12.4123 F300.000
G1 X38.4144 Y12.4711 F300.000
G1 X38.4511 Y12.5308 F300.000
G1 X38.4865 Y12.5914 F300.000
G1 X38.5203 Y12.6529 F300.000
G1 X38.5526 Y12.7151 F300.000
G1 X38.5833 Y12.7782 F300.000
G1 X38.6126 Y12.8419 F300.000
G1 X38.6402 Y12.9064 F300.000
G1 X38.6662 Y12.9715 F300.000
G1 X38.6907 Y13.0373 F300.000
G1 X38.7135 Y13.1036 F300.000
G1 X38.7347 Y13.1704 F300.000
G1 X38.7542 Y13.2378 F300.000
G1 X38.7721 Y13.3056 F300.000
G1 X38.7883 Y13.3739 F300.000
G1 X38.8028 Y13.4425 F300.000
G1 X38.8156 Y13.5114 F300.000
G1 X38.8268 Y13.5807 F300.000
G1 X38.8362 Y13.6502 F300.000
G1 X38.8440 Y13.7199 F300.000
G1 X38.8500 Y13.7898 F300.000
G1 X38.8543 Y13.8598 F300.000
G1 X38.8569 Y13.9299 F300.000
G1 X38.8577 Y14.0000 F300.000
G1 X38.8577 Y26.0000 F300.000
G1 X38.8569 Y26.0701 F300.000
G1 X38.8543 Y26.1402 F300.000
G1 X38.8500 Y26.2102 F300.000
G1 X38.8440 Y26.2801 F300.000
G1 X38.8362 Y26.3498 F300.000
G1 X38.8268 Y26.4193 F300.000
G1 X38.8156 Y26.4886 F300.000
G1 X38.8028 Y26.5575 F300.000
G1 X38.7883 Y26.6261 F300.000
G1 X38.7721 Y26.6944 F300.000
G1 X38.7542 Y26.7622 F300.000
G1 X38.7347 Y26.8296 F300.000
G1 X38.7135 Y26.8964 F300.000
G1 X38.6907 Y26.9627 F300.000
G1 X38.6662 Y27.0285 F300.000
G1 X38.6402 Y27.0936 F300.000
G1 X38.6126 Y27.1581 F300.000
G1 X38.5833 Y27.2218 F300.000
G1 X38.5526 Y27.2849 F300.000
G1 X38.5203 Y27.3471 F300.000
G1 X38.4865 Y27.4086 F300.000
G1 X38.4511 Y27.4692 F300.000
G1 X38.4144 Y27.5289 F300.000
G1 X38.3761 Y27.5877 F300.000
G1 X38.3364 Y27.6455 F300.000
G1 X38.2953 Y27.7023 F300.000
G1 X38.2529 Y27.7582 F300.000
G1 X38.2090 Y27.8129 F300.000
G1 X38.1639 Y27.8666 F300.000
G1 X38.1174 Y27.9191 F300.000
G1 X38.0697 Y27.9705 F300.000
G1 X38.0207 Y28.0207 F300.000
G1 X37.9705 Y28.0697 F300.000
G1 X37.9191 Y28.1174 F300.000
G1 X37.8666 Y28.1639 F300.000
G1 X37.8129 Y28.2090 F300.000
G1 X37.7582 Y28.2529 F300.000
G1 X37.7023 Y28.2953 F300.000
G1 X37.6455 Y28.3364 F300.000
G1 X37.5877 Y28.3761 F300.000
G1 X37.5289 Y28.4144 F300.000
G1 X37.4692 Y28.4511 F300.000
G1 X37.4086 Y28.4865 F300.000
G1 X37.3471 Y28.5203 F300.000
G1 X37.2849 Y28.5526 F300.000
G1 X37.2218 Y28.5833 F300.000
G1 X37.1581 Y28.6126 F300.000
G1 X37.0936 Y28.6402 F300.000
G1 X37.0285 Y28.6662 F300.000
G1 X36.9627 Y28.6907 F300.000
G1 X36.8964 Y28.7135 F300.000
G1 X36.8296 Y28.7347 F300.000
G1 X36.7622 Y28.7542 F300.000
G1 X36.6944 Y28.7721 F300.000
G1 X36.6261 Y28.7883 F300.000
G1 X36.5575 Y28.8028 F300.000
G1 X36.4886 Y28.8156 F300.000
G1 X36.4193 Y28.8268 F300.000
G1 X36.3498 Y28.8362 F300.000
G1 X36.2801 Y28.8440 F300.000
G1 X36.2102 Y28.8500 F300.000
G1 X36.1402 Y28.8543 F300.000
G1 X36.0701 Y28.8569 F300.000
G1 X36.0000 Y28.8577 F300.000
G1 X24.0000 Y28.8577 F300.000
G1 X23.9299 Y28.8569 F300.000
G1 X23.8598 Y28.8543 F300.000
G1 X23.7898 Y28.8500 F300.000
G1 X23.7199 Y28.8440 F300.000
G1 X23.6502 Y28.8362 F300.000
G1 X23.5807 Y28.8268 F300.000
G1 X23.5114 Y28.8156 F300.000
G1 X23.4425 Y28.8028 F300.000
G1 X23.3739 Y28.7883 F300.000
G1 X23.3056 Y28.7721 F300.000
G1 X23.2378 Y28.7542 F300.000
G1 X23.1704 Y28.7347 F300.000
G1 X23.1036 Y28.7135 F300.000
G1 X23.0373 Y28.6907 F300.000
G1 X22.9715 Y28.6662 F300.000
G1 X22.9064 Y28.6402 F300.000
G1 X22.8419 Y28.6126 F300.000
G1 X22.7782 Y28.5833 F300.000
G1 X22.7151 Y28.5526 F300.000
G1 X22.6529 Y28.5203 F300.000
G1 X22.5914 Y28.4865 F300.000
G1 X22.5308 Y28.4511 F300.000
G1 X22.4711 Y28.4144 F300.000
G1 X22.4123 Y28.3761 F300.000
G1 X22.3545 Y28.3364 F300.000
G1 X22.2977 Y28.2953 F300.000
G1 X22.2418 Y28.2529 F300.000
G1 X22.1871 Y28.2090 F300.000
G1 X22.1334 Y28.1639 F300.000
G1 X22.0809 Y28.1174 F300.000
G1 X22.0295 Y28.0697 F300.000
G1 X21.9793 Y28.0207 F300.000
G1 X21.9303 Y27.9705 F300.000
G1 X21.8826 Y27.9191 F300.000
G1 X21.8361 Y27.8666 F300.000
G1 X21.7910 Y27.8129 F300.000
G1 X21.7471 Y27.7582 F300.000
G1 X21.7047 Y27.7023 F300.000
G1 X21.6636 Y27.6455 F300.000
G1 X21.6239 Y27.5877 F300.000
G1 X21.5856 Y27.5289 F300.000
G1 X21.5489 Y27.4692 F300.000
G1 X21.5135 Y27.4086 F300.000
G1 X21.4797 Y27.3471 F300.000
G1 X21.4474 Y27.2849 F300.000
G1 X21.4167 Y27.2218 F300.000
G1 X21.3874 Y27.1581 F300.000
G1 X21.3598 Y27.0936 F300.000
G1 X21.3338 Y27.0285 F300.000
G1 X21.3093 Y26.9627 F300.000
G1 X21.2865 Y26.8964 F300.000
G1 X21.2653 Y26.8296 F300.000
G1 X21.2458 Y26.7622 F300.000
G1 X21.2279 Y26.6944 F300.000
G1 X21.2117 Y26.6261 F300.000
G1 X21.1972 Y26.5575 F300.000
G1 X21.1844 Y26.4886 F300.000
G1 X21.1732 Y26.4193 F300.000
G1 X21.1638 Y26.3498 F300.000
G1 X21.1560 Y26.2801 F300.000
G1 X21.1500 Y26.2102 F300.000
G1 X21.1457 Y26.1402 F300.000
G1 X21.1431 Y26.0701 F300.000
G1 X21.1423 Y26.0000 F300.000
G1 X21.1423 Y14.0000 F300.000
G0 Z5.0000
G0 X12.1277 Y12.1277
G1 Z-0.2500 F80.000
G1 X12.1277 Y27.8723 F300.000
G1 X20.3215 Y27.8723 F300.000
G1 X20.3130 Y27.8559 F300.000
G1 X20.2686 Y27.7648 F300.000
G1 X20.2264 Y27.6727 F300.000
G1 X20.1865 Y27.5796 F300.000
G1 X20.1489 Y27.4855 F300.000
G1 X20.1136 Y27.3906 F300.000
G1 X20.0806 Y27.2948 F300.000
G1 X20.0500 Y27.1982 F300.000
G1 X20.0218 Y27.1009 F300.000
G1 X19.9960 Y27.0030 F300.000
G1 X19.9726 Y26.9044 F300.000
G1 X19.9516 Y26.8053 F300.000
G1 X19.9331 Y26.7057 F300.000
G1 X19.9170 Y26.6057 F300.000
G1 X19.9033 Y26.5053 F300.000
G1 X19.8922 Y26.4046 F300.000
G1 X19.8835 Y26.3037 F300.000
G1 X19.8773 Y26.2025 F300.000
G1 X19.8735 Y26.1013 F300.000
G1 X19.8723 Y26.0000 F300.000
G1 X19.8723 Y14.0000 F300.000
G1 X19.8735 Y13.8987 F300.000
G1 X19.8773 Y13.7975 F300.000
G1 X19.8835 Y13.6963 F300.000
G1 X19.8922 Y13.5954 F300.000
G1 X19.9033 Y13.4947 F300.000
G1 X19.9170 Y13.3943 F300.000
G1 X19.9331 Y13.2943 F300.000
G1 X19.9516 Y13.1947 F300.000
G1 X19.9726 Y13.0956 F300.000
G1 X19.9960 Y12.9970 F300.000
G1 X20.0218 Y12.8991 F300.000
G1 X20.0500 Y12.8018 F300.000
G1 X20.0806 Y12.7052 F300.000
G1 X20.1136 Y12.6094 F300.000
G1 X20.1489 Y12.5145 F300.000
G1 X20.1865 Y12.4204 F300.000
G1 X20.2264 Y12.3273 F300.000
G1 X20.2686 Y12.2352 F300.000
G1 X20.3130 Y12.1441 F300.000
G1 X20.3215 Y12.1277 F300.000
G1 X12.1277 Y12.1277 F300.000
G0 Z5.0000
G0 X39.6785 Y12.1277
G1 Z-0.2500 F80.000
G1 X39.6870 Y12.1441 F300.000
G1 X39.7314 Y12.2352 F300.000
G1 X39.7736 Y12.3273 F300.000
G1 X39.8135 Y12.4204 F300.000
G1 X39.8511 Y12.5145 F300.000
G1 X39.8864 Y12.6094 F300.000
G1 X39.9194 Y12.7052 F300.000
G1 X39.9500 Y12.8018 F300.000
G1 X39.9782 Y12.8991 F300.000
G1 X40.0040 Y12.9970 F300.000
G1 X40.0274 Y13.0956 F300.000
G1 X40.0484 Y13.1947 F300.000
G1 X40.0669 Y13.2943 F300.000
G1 X40.0830 Y13.3943 F300.000
G1 X40.0967 Y13.4947 F300.000
G1 X40.1078 Y13.5954 F300.000
G1 X40.1165 Y13.6963 F300.000
G1 X40.1227 Y13.7975 F300.000
G1 X40.1265 Y13.8987 F300.000
G1 X40.1277 Y14.0000 F300.000
G1 X40.1277 Y26.0000 F300.000
G1 X40.1265 Y26.1013 F300.000
G1 X40.1227 Y26.2025 F300.000
G1 X40.1165 Y26.3037 F300.000
G1 X40.1078 Y26.4046 F300.000
G1 X40.0967 Y26.5053 F300.000
G1 X40.0830 Y26.6057 F300.000
G1 X40.0669 Y26.7057 F300.000
G1 X40.0484 Y26.8053 F300.000
G1 X40.0274 Y26.9044 F300.000
G1 X40.0040 Y27.0030 F300.000
G1 X39.9782 Y27.1009 F300.000
G1 X39.9500 Y27.1982 F300.000
G1 X39.9194 Y27.2948 F300.000
G1 X39.8864 Y27.3906 F300.000
G1 X39.8511 Y27.4855 F300.000
G1 X39.8135 Y27.5796 F300.000
G1 X39.7736 Y27.6727 F300.000
G1 X39.7314 Y27.7648 F300.000
G1 X39.6870 Y27.8559 F300.000
G1 X39.6785 Y27.8723 F300.000
G1 X47.8723 Y27.8723 F300.000
G1 X47.8723 Y12.1277 F300.000
G1 X39.6785 Y12.1277 F300.000
G0 Z5.0000
G0 X13.3977 Y13.3977
G1 Z-0.2500 F80.000
G1 X13.3977 Y26.6023 F300.000
G1 X18.6364 Y26.6023 F300.000
G1 X18.6283 Y26.5291 F300.000
G1 X18.6169 Y26.3971 F300.000
G1 X18.6088 Y26.2649 F300.000
G1 X18.6039 Y26.1325 F300.000
G1 X18.6023 Y26.0000 F300.000
G1 X18.6023 Y14.0000 F300.000
G1 X18.6039 Y13.8675 F300.000
G1 X18.6088 Y13.7351 F300.000
G1 X18.6169 Y13.6029 F300.000
G1 X18.6283 Y13.4709 F300.000
G1 X18.6364 Y13.3977 F300.000
G1 X13.3977 Y13.3977 F300.000
G0 Z5.0000
G0 X41.3636 Y13.3977
G1 Z-0.2500 F80.000
G1 X41.3717 Y13.4709 F300.000
G1 X41.3831 Y13.6029 F300.000
G1 X41.3912 Y13.7351 F300.000
G1 X41.3961 Y13.8675 F300.000
G1 X41.3977 Y14.0000 F300.000
G1 X41.3977 Y26.0000 F300.000
G1 X41.3961 Y26.1325 F300.000
G1 X41.3912 Y26.2649 F300.000
G1 X41.3831 Y26.3971 F300.000
G1 X41.3717 Y26.5291 F300.000
G1 X41.3636 Y26.6023 F300.000
G1 X46.6023 Y26.6023 F300.000
G1 X46.6023 Y13.3977 F300.000
G1 X41.3636 Y13.3977 F300.000
G0 Z5.0000
G0 X14.6677 Y14.6677
G1 Z-0.2500 F80.000
G1 X14.6677 Y25.3323 F300.000
G1 X17.3323 Y25.3323 F300.000
G1 X17.3323 Y14.6677 F300.000
G1 X14.6677 Y14.6677 F300.000
G0 Z5.0000
G0 X42.6677 Y14.6677
G1 Z-0.2500 F80.000
G1 X42.6677 Y25.3323 F300.000
G1 X45.3323 Y25.3323 F300.000
G1 X45.3323 Y14.6677 F300.000
G1 X42.6677 Y14.6677 F300.000
G0 Z5.0000
G0 X15.9377 Y15.9377
G1 Z-0.2500 F80.000
G1 X15.9377 Y24.0623 F300.000
G1 X16.0623 Y24.0623 F300.000
G1 X16.0623 Y15.9377 F300.000
G1 X15.9377 Y15.9377 F300.000
G0 Z5.0000
G0 X43.9377 Y15.9377
G1 Z-0.2500 F80.000
G1 X43.9377 Y24.0623 F300.000
G1 X44.0623 Y24.0623 F300.000
G1 X44.0623 Y15.9377 F300.000
G1 X43.9377 Y15.9377 F300.000
G0 Z5.0000
G0 X9.5877 Y9.5877
G1 Z-0.5000 F80.000
G1 X9.5877 Y30.4123 F300.000
G1 X50.4123 Y30.4123 F300.000
G1 X50.4123 Y9.5877 F300.000
G1 X9.5877 Y9.5877 F300.000
G0 Z5.0000
G0 X22.4123 Y14.0000
G1 Z-0.5000 F80.000
G1 X22.4128 Y13.9610 F300.000
G1 X22.4142 Y13.9221 F300.000
G1 X22.4166 Y13.8832 F300.000
G1 X22.4199 Y13.8444 F300.000
G1 X22.4242 Y13.8056 F300.000
G1 X22.4295 Y13.7670 F300.000
G1 X22.4357 Y13.7286 F300.000
G1 X22.4428 Y13.6903 F300.000
G1 X22.4509 Y13.6521 F300.000
G1 X22.4599 Y13.6142 F300.000
G1 X22.4698 Y13.5765 F300.000
G1 X22.4806 Y13.5391 F300.000
G1 X22.4924 Y13.5020 F300.000
G1 X22.5051 Y13.4651 F300.000
G1 X22.5187 Y13.4286 F300.000
G1 X22.5331 Y13.3924 F300.000
G1 X22.5485 Y13.3566 F300.000
G1 X22.5647 Y13.3212 F300.000
G1 X22.5818 Y13.2861 F300.000
G1 X22.5998 Y13.2516 F300.000
G1 X22.6185 Y13.2174 F300.000
G1 X22.6382 Y13.1837 F300.000
G1 X22.6586 Y13.1506 F300.000
G1 X22.6799 Y13.1179 F300.000
G1 X22.7019 Y13.0858 F300.000
G1 X22.7247 Y13.0542 F300.000
G1 X22.7483 Y13.0232 F300.000
G1 X22.7727 Y12.9928 F300.000
G1 X22.7978 Y12.9629 F300.000
G1 X22.8236 Y12.9338 F300.000
G1 X22.8501 Y12.9052 F300.000
G1 X22.8773 Y12.8773 F300.000
G1 X22.9052 Y12.8501 F300.000
G1 X22.9338 Y12.8236 F300.000
G1 X22.9629 Y12.7978 F300.000
G1 X22.9928 Y12.7727 F300.000
G1 X23.0232 Y12.7483 F300.000
G1 X23.0542 Y12.7247 F300.000
G1 X23.0858 Y12.7019 F300.000
G1 X23.1179 Y12.6799 F300.000
G1 X23.1506 Y12.6586 F300.000
G1 X23.1837 Y12.6382 F300.000
G1 X23.2174 Y12.6185 F300.000
G1 X23.2516 Y12.5998 F300.000
G1 X23.2861 Y12.5818 F300.000
G1 X23.3212 Y12.5647 F300.000
G1 X23.3566 Y12.5485 F300.000
G1 X23.3924 Y12.5331 F300.000
G1 X23.4286 Y12.5187 F300.000
G1 X23.4651 Y12.5051 F300.000
G1 X23.5020 Y12.4924 F300.000
G1 X23.5391 Y12.4806 F300.000
G1 X23.5765 Y12.4698 F300.000
G1 X23.6142 Y12.4599 F300.000
G1 X23.6521 Y12.4509 F300.000
G1 X23.6903 Y12.4428 F300.000
G1 X23.7286 Y12.4357 F300.000
G1 X23.7670 Y12.4295 F300.000
G1 X23.8056 Y12.4242 F300.000
G1 X23.8444 Y12.4199 F300.000
G1 X23.8832 Y12.4166 F300.000
G1 X23.9221 Y12.4142 F300.000
G1 X23.9610 Y12.4128 F300.000
G1 X24.0000 Y12.4123 F300.000
G1 X36.0000 Y12.4123 F300.000
G1 X36.0390 Y12.4128 F300.000
G1 X36.0779 Y12.4142 F300.000
G1 X36.1168 Y12.4166 F300.000
G1 X36.1556 Y12.4199 F300.000
G1 X36.1944 Y12.4242 F300.000
G1 X36.2330 Y12.4295 F300.000
G1 X36.2714 Y12.4357 F300.000
G1 X36.3097 Y12.4428 F300.000
G1 X36.3479 Y12.4509 F300.000
G1 X36.3858 Y12.4599 F300.000
G1 X36.4235 Y12.4698 F300.000
G1 X36.4609 Y12.4806 F300.000
G1 X36.4980 Y12.4924 F300.000
G1 X36.5349 Y12.5051 F300.000
G1 X36.5714 Y12.5187 F300.000
G1 X36.6076 Y12.5331 F300.000
G1 X36.6434 Y12.5485 F300.000
G1 X36.6788 Y12.5647 F300.000
G1 X36.7139 Y12.5818 F300.000
G1 X36.7484 Y12.5998 F300.000
G1 X36.7826 Y12.6185 F300.000
G1 X36.8163 Y12.6382 F300.000
G1 X36.8494 Y12.6586 F300.000
G1 X36.8821 Y12.6799 F300.000
G1 X36.9142 Y12.7019 F300.000
G1 X36.9458 Y12.7247 F300.000
G1 X36.9768 Y12.7483 F300.000
G1 X37.0072 Y12.7727 F300.000
G1 X37.0371 Y12.7978 F300.000
G1 X37.0662 Y12.8236 F300.000
G1 X37.0948 Y12.8501 F300.000
G1 X37.1227 Y12.8773 F300.000
G1 X37.1499 Y12.9052 F300.000
G1 X37.1764 Y12.9338 F300.000
G1 X37.2022 Y12.9629 F300.000
G1 X37.2273 Y12.9928 F300.000
G1 X37.2517 Y13.0232 F300.000
G1 X37.2753 Y13.0542 F300.000
G1 X37.2981 Y13.0858 F300.000
G1 X37.3201 Y13.1179 F300.000
G1 X37.3414 Y13.1506 F300.000
G1 X37.3618 Y13.1837 F300.000
G1 X37.3815 Y13.2174 F300.000
G1 X37.4002 Y13.2516 F300.000
G1 X37.4182 Y13.2861 F300.000
G1 X37.4353 Y13.3212 F300.000
G1 X37.4515 Y13.3566 F300.000
G1 X37.4669 Y13.3924 F300.000
G1 X37.4813 Y13.4286 F300.000
G1 X37.4949 Y13.4651 F300.000
G1 X37.5076 Y13.5020 F300.000
G1 X37.5194 Y13.5391 F300.000
G1 X37.5302 Y13.5765 F300.000
G1 X37.5401 Y13.6142 F300.000
G1 X37.5491 Y13.6521 F300.000
G1 X37.5572 Y13.6903 F300.000
G1 X37.5643 Y13.7286 F300.000
G1 X37.5705 Y13.7670 F300.000
G1 X37.5758 Y13.8056 F300.000
G1 X37.5801 Y13.8444 F300.000
G1 X37.5834 Y13.8832 F300.000
G1 X37.5858 Y13.9221 F300.000
G1 X37.5872 Y13.9610 F300.000
G1 X37.5877 Y14.0000 F300.000
G1 X37.5877 Y26.0000 F300.000
G1 X37.5872 Y26.0390 F300.000
G1 X37.5858 Y26.0779 F300.000
G1 X37.5834 Y26.1168 F300.000
G1 X37.5801 Y26.1556 F300.000
G1 X37.5758 Y26.1944 F300.000
G1 X37.5705 Y26.2330 F300.000
G1 X37.5643 Y26.2714 F300.000
G1 X37.5572 Y26.3097 F300.000
G1 X37.5491 Y26.3479 F300.000
G1 X37.5401 Y26.3858 F300.000
G1 X37.5302 Y26.4235 F300.000
G1 X37.5194 Y26.4609 F300.000
G1 X37.5076 Y26.4980 F300.000
G1 X37.4949 Y26.5349 F300.000
G1 X37.4813 Y26.5714 F300.000
G1 X37.4669 Y26.6076 F300.000
G1 X37.4515 Y26.6434 F300.000
G1 X37.4353 Y26.6788 F300.000
G1 X37.4182 Y26.7139 F300.000
G1 X37.4002 Y26.7484 F300.000
G1 X37.3815 Y26.7826 F300.000
G1 X37.3618 Y26.8163 F300.000
G1 X37.3414 Y26.8494 F300.000
G1 X37.3201 Y26.8821 F300.000
G1 X37.2981 Y26.9142 F300.000
G1 X37.2753 Y26.9458 F300.000
G1 X37.2517 Y26.9768 F300.000
G1 X37.2273 Y27.0072 F300.000
G1 X37.2022 Y27.0371 F300.000
G1 X37.1764 Y27.0662 F300.000
G1 X37.1499 Y27.0948 F300.000
G1 X37.1227 Y27.1227 F300.000
G1 X37.0948 Y27.1499 F300.000
G1 X37.0662 Y27.1764 F300.000
G1 X37.0371 Y27.2022 F300.000
G1 X37.0072 Y27.2273 F300.000
G1 X36.9768 Y27.2517 F300.000
G1 X36.9458 Y27.2753 F300.000
G1 X36.9142 Y27.2981 F300.000
G1 X36.8821 Y27.3201 F300.000
G1 X36.8494 Y27.3414 F300.000
G1 X36.8163 Y27.3618 F300.000
G1 X36.7826 Y27.3815 F300.000
G1 X36.7484 Y27.4002 F300.000
G1 X36.7139 Y27.4182 F300.000
G1 X36.6788 Y27.4353 F300.000
G1 X36.6434 Y27.4515 F300.000
G1 X36.6076 Y27.4669 F300.000
G1 X36.5714 Y27.4813 F300.000
G1 X36.5349 Y27.4949 F300.000
G1 X36.4980 Y27.5076 F300.000
G1 X36.4609 Y27.5194 F300.000
G1 X36.4235 Y27.5302 F300.000
G1 X36.3858 Y27.5401 F300.000
G1 X36.3479 Y27.5491 F300.000
G1 X36.3097 Y27.5572 F300.000
G1 X36.2714 Y27.5643 F300.000
G1 X36.2330 Y27.5705 F300.000
G1 X36.1944 Y27.5758 F300.000
G1 X36.1556 Y27.5801 F300.000
G1 X36.1168 Y27.5834 F300.000
G1 X36.0779 Y27.5858 F300.000
G1 X36.0390 Y27.5872 F300.000
G1 X36.0000 Y27.5877 F300.000
G1 X24.0000 Y27.5877 F300.000
G1 X23.9610 Y27.5872 F300.000
G1 X23.9221 Y27.5858 F300.000
G1 X23.8832 Y27.5834 F300.000
G1 X23.8444 Y27.5801 F300.000
G1 X23.8056 Y27.5758 F300.000
G1 X23.7670 Y27.5705 F300.000
G1 X23.7286 Y27.5643 F300.000
G1 X23.6903 Y27.5572 F300.000
G1 X23.6521 Y27.5491 F300.000
G1 X23.6142 Y27.5401 F300.000
G1 X23.5765 Y27.5302 F300.000
G1 X23.5391 Y27.5194 F300.000
G1 X23.5020 Y27.5076 F300.000
G1 X23.4651 Y27.4949 F300.000
G1 X23.4286 Y27.4813 F300.000
G1 X23.3924 Y27.4669 F300.000
G1 X23.3566 Y27.4515 F300.000
G1 X23.3212 Y27.4353 F300.000
G1 X23.2861 Y27.4182 F300.000
G1 X23.2516 Y27.4002 F300.000
G1 X23.2174 Y27.3815 F300.000
G1 X23.1837 Y27.3618 F300.000
G1 X23.1506 Y27.3414 F300.000
G1 X23.1179 Y27.3201 F300.000
G1 X23.0858 Y27.2981 F300.000
G1 X23.0542 Y27.2753 F300.000
G1 X23.0232 Y27.2517 F300.000
G1 X22.9928 Y27.2273 F300.000
G1 X22.9629 Y27.2022 F300.000
G1 X22.9338 Y27.1764 F300.000
G1 X22.9052 Y27.1499 F300.000
G1 X22.8773 Y27.1227 F300.000
G1 X22.8501 Y27.0948 F300.000
G1 X22.8236 Y27.0662 F300.000
G1 X22.7978 Y27.0371 F300.000
G1 X22.7727 Y27.0072 F300.000
G1 X22.7483 Y26.9768 F300.000
G1 X22.7247 Y26.9458 F300.000
G1 X22.7019 Y26.9142 F300.000
G1 X22.6799 Y26.8821 F300.000
G1 X22.6586 Y26.8494 F300.000
G1 X22.6382 Y26.8163 F300.000
G1 X22.6185 Y26.7826 F300.000
G1 X22.5998 Y26.7484 F300.000
G1 X22.5818 Y26.7139 F300.000
G1 X22.5647 Y26.6788 F300.000
G1 X22.5485 Y26.6434 F300.000
G1 X22.5331 Y26.6076 F300.000
G1 X22.5187 Y26.5714 F300.000
G1 X22.5051 Y26.5349 F300.000
G1 X22.4924 Y26.4980 F300.000
G1 X22.4806 Y26.4609 F300.000
G1 X22.4698 Y26.4235 F300.000
G1 X22.4599 Y26.3858 F300.000
G1 X22.4509 Y26.3479 F300.000
G1 X22.4428 Y26.3097 F300.000
G1 X22.4357 Y26.2714 F300.000
G1 X22.4295 Y26.2330 F300.000
G1 X22.4242 Y26.1944 F300.000
G1 X22.4199 Y26.1556 F300.000
G1 X22.4166 Y26.1168 F300.000
G1 X22.4142 Y26.0779 F300.000
G1 X22.4128 Y26.0390 F300.000
G1 X22.4123 Y26.0000 F300.000
G1 X22.4123 Y14.0000 F300.000
G0 Z5.0000
G0 X10.8577 Y10.8577
G1 Z-0.5000 F80.000
G1 X10.8577 Y29.1423 F300.000
G1 X49.1423 Y29.1423 F300.000
G1 X49.1423 Y10.8577 F300.000
G1 X10.8577 Y10.8577 F300.000
G0 Z5.0000
G0 X21.1423 Y14.0000
G1 Z-0.5000 F80.000
G1 X21.1431 Y13.9299 F300.000
G1 X21.1457 Y13.8598 F300.000
G1 X21.1500 Y13.7898 F300.000
G1 X21.1560 Y13.7199 F300.000
G1 X21.1638 Y13.6502 F300.000
G1 X21.1732 Y13.5807 F300.000
G1 X21.1844 Y13.5114 F300.000
G1 X21.1972 Y13.4425 F300.000
G1 X21.2117 Y13.3739 F300.000
G1 X21.2279 Y13.3056 F300.000
G1 X21.2458 Y13.2378 F300.000
G1 X21.2653 Y13.1704 F300.000
G1 X21.2865 Y13.1036 F300.000
G1 X21.3093 Y13.0373 F300.000
G1 X21.3338 Y12.9715 F300.000
G1 X21.3598 Y12.9064 F300.000
G1 X21.3874 Y12.8419 F300.000
G1 X21.4167 Y12.7782 F300.000
G1 X21.4474 Y12.7151 F300.000
G1 X21.4797 Y12.6529 F300.000
G1 X21.5135 Y12.5914 F300.000
G1 X21.5489 Y12.5308 F300.000
G1 X21.5856 Y12.4711 F300.000
G1 X21.6239 Y12.4123 F300.000
G1 X21.6636 Y12.3545 F300.000
G1 X21.7047 Y12.2977 F300.000
G1 X21.7471 Y12.2418 F300.000
G1 X21.7910 Y12.1871 F300.000
G1 X21.8361 Y12.1334 F300.000
G1 X21.8826 Y12.0809 F300.000
G1 X21.9303 Y12.0295 F300.000
G1 X21.9793 Y11.9793 F300.000
G1 X22.0295 Y11.9303 F300.000
G1 X22.0809 Y11.8826 F300.000
G1 X22.1334 Y11.8361 F300.000
G1 X22.1871 Y11.7910 F300.000
G1 X22.2418 Y11.7471 F300.000
G1 X22.2977 Y11.7047 F300.000
G1 X22.3545 Y11.6636 F300.000
G1 X22.4123 Y11.6239 F300.000
G1 X22.4711 Y11.5856 F300.000
G1 X22.5308 Y11.5489 F300.000
G1 X22.5914 Y11.5135 F300.000
G1 X22.6529 Y11.4797 F300.000
G1 X22.7151 Y11.4474 F300.000
G1 X22.7782 Y11.4167 F300.000
G1 X22.8419 Y11.3874 F300.000
G1 X22.9064 Y11.3598 F300.000
G1 X22.9715 Y11.3338 F300.000
G1 X23.0373 Y11.3093 F300.000
G1 X23.1036 Y11.2865 F300.000
G1 X23.1704 Y11.2653 F300.000
G1 X23.2378 Y11.2458 F300.000
G1 X23.3056 Y11.2279 F300.000
G1 X23.3739 Y11.2117 F300.000
G1 X23.4425 Y11.1972 F300.000
G1 X23.5114 Y11.1844 F300.000
G1 X23.5807 Y11.1732 F300.000
G1 X23.6502 Y11.1638 F300.000
G1 X23.7199 Y11.1560 F300.000
G1 X23.7898 Y11.1500 F300.000
G1 X23.8598 Y11.1457 F300.000
G1 X23.9299 Y11.1431 F300.000
G1 X24.0000 Y11.1423 F300.000
G1 X36.0000 Y11.1423 F300.000
G1 X36.0701 Y11.1431 F300.000
G1 X36.1402 Y11.1457 F300.000
G1 X36.2102 Y11.1500 F300.000
G1 X36.2801 Y11.1560 F300.000
G1 X36.3498 Y11.1638 F300.000
G1 X36.4193 Y11.1732 F300.000
G1 X36.4886 Y11.1844 F300.000
G1 X36.5575 Y11.1972 F300.000
G1 X36.6261 Y11.2117 F300.000
G1 X36.6944 Y11.2279 F300.000
G1 X36.7622 Y11.2458 F300.000
G1 X36.8296 Y11.2653 F300.000
G1 X36.8964 Y11.2865 F300.000
G1 X36.9627 Y11.3093 F300.000
G1 X37.0285 Y11.3338 F300.000
G1 X37.0936 Y11.3598 F300.000
G1 X37.1581 Y11.3874 F300.000
G1 X37.2218 Y11.4167 F300.000
G1 X37.2849 Y11.4474 F300.000
G1 X37.3471 Y11.4797 F300.000
G1 X37.4086 Y11.5135 F300.000
G1 X37.4692 Y11.5489 F300.000
G1 X37.5289 Y11.5856 F300.000
G1 X37.5877 Y11.6239 F300.000
G1 X37.6455 Y11.6636 F300.000
G1 X37.7023 Y11.7047 F300.000
G1 X37.7582 Y11.7471 F300.000
G1 X37.8129 Y11.7910 F300.000
G1 X37.8666 Y11.8361 F300.000
G1 X37.9191 Y11.8826 F300.000
G1 X37.9705 Y11.9303 F300.000
G1 X38.0207 Y11.9793 F300.000
G1 X38.0697 Y12.0295 F300.000
G1 X38.1174 Y12.0809 F300.000
G1 X38.1639 Y12.1334 F300.000
G1 X38.2090 Y12.1871 F300.000
G1 X38.2529 Y12.2418 F300.000
G1 X38.2953 Y12.2977 F300.000
G1 X38.3364 Y12.3545 F300.000
G1 X38.3761 Y12.4123 F300.000
G1 X38.4144 Y12.4711 F300.000
G1 X38.4511 Y12.5308 F300.000
G1 X38.4865 Y12.5914 F300.000
G1 X38.5203 Y12.6529 F300.000
G1 X38.5526 Y12.7151 F300.000
G1 X38.5833 Y12.7782 F300.000
G1 X38.6126 Y12.8419 F300.000
G1 X38.6402 Y12.9064 F300.000
G1 X38.6662 Y12.9715 F300.000
G1 X38.6907 Y13.0373 F300.000
G1 X38.7135 Y13.1036 F300.000
G1 X38.7347 Y13.1704 F300.000
G1 X38.7542 Y13.2378 F300.000
G1 X38.7721 Y13.3056 F300.000
G1 X38.7883 Y13.3739 F300.000
G1 X38.8028 Y13.4425 F300.000
G1 X38.8156 Y13.5114 F300.000
G1 X38.8268 Y13.5807 F300.000
G1 X38.8362 Y13.6502 F300.000
G1 X38.8440 Y13.7199 F300.000
G1 X38.8500 Y13.7898 F300.000
G1 X38.8543 Y13.8598 F300.000
G1 X38.8569 Y13.9299 F300.000
G1 X38.8577 Y14.0000 F300.000
G1 X38.8577 Y26.0000 F300.000
G1 X38.8569 Y26.0701 F300.000
G1 X38.8543 Y26.1402 F300.000
G1 X38.8500 Y26.2102 F300.000
G1 X38.8440 Y26.2801 F300.000
G1 X38.8362 Y26.3498 F300.000
G1 X38.8268 Y26.4193 F300.000
G1 X38.8156 Y26.4886 F300.000
G1 X38.8028 Y26.5575 F300.000
G1 X38.7883 Y26.6261 F300.000
G1 X38.7721 Y26.6944 F300.000
G1 X38.7542 Y26.7622 F300.000
G1 X38.7347 Y26.8296 F300.000
G1 X38.7135 Y26.8964 F300.000
G1 X38.6907 Y26.9627 F300.000
G1 X38.6662 Y27.0285 F300.000
G1 X38.6402 Y27.0936 F300.000
G1 X38.6126 Y27.1581 F300.000
G1 X38.5833 Y27.2218 F300.000
G1 X38.5526 Y27.2849 F300.000
G1 X38.5203 Y27.3471 F300.000
G1 X38.4865 Y27.4086 F300.000
G1 X38.4511 Y27.4692 F300.000
G1 X38.4144 Y27.5289 F300.000
G1 X38.3761 Y27.5877 F300.000
G1 X38.3364 Y27.6455 F300.000
G1 X38.2953 Y27.7023 F300.000
G1 X38.2529 Y27.7582 F300.000
G1 X38.2090 Y27.8129 F300.000
G1 X38.1639 Y27.8666 F300.000
G1 X38.1174 Y27.9191 F300.000
G1 X38.0697 Y27.9705 F300.000
G1 X38.0207 Y28.0207 F300.000
G1 X37.9705 Y28.0697 F300.000
G1 X37.9191 Y28.1174 F300.000
G1 X37.8666 Y28.1639 F300.000
G1 X37.8129 Y28.2090 F300.000
G1 X37.7582 Y28.2529 F300.000
G1 X37.7023 Y28.2953 F300.000
G1 X37.6455 Y28.3364 F300.000
G1 X37.5877 Y28.3761 F300.000
G1 X37.5289 Y28.4144 F300.000
G1 X37.4692 Y28.4511 F300.000
G1 X37.4086 Y28.4865 F300.000
G1 X37.3471 Y28.5203 F300.000
G1 X37.2849 Y28.5526 F300.000
G1 X37.2218 Y28.5833 F300.000
G1 X37.1581 Y28.6126 F300.000
G1 X37.0936 Y28.6402 F300.000
G1 X37.0285 Y28.6662 F300.000
G1 X36.9627 Y28.6907 F300.000
G1 X36.8964 Y28.7135 F300.000
G1 X36.8296 Y28.7347 F300.000
G1 X36.7622 Y28.7542 F300.000
G1 X36.6944 Y28.7721 F300.000
G1 X36.6261 Y28.7883 F300.000
G1 X36.5575 Y28.8028 F300.000
G1 X36.4886 Y28.8156 F300.000
G1 X36.4193 Y28.8268 F300.000
G1 X36.3498 Y28.8362 F300.000
G1 X36.2801 Y28.8440 F300.000
G1 X36.2102 Y28.8500 F300.000
G1 X36.1402 Y28.8543 F300.000
G1 X36.0701 Y28.8569 F300.000
G1 X36.0000 Y28.8577 F300.000
G1 X24.0000 Y28.8577 F300.000
G1 X23.9299 Y28.8569 F300.000
G1 X23.8598 Y28.8543 F300.000
G1 X23.7898 Y28.8500 F300.000
G1 X23.7199 Y28.8440 F300.000
G1 X23.6502 Y28.8362 F300.000
G1 X23.5807 Y28.8268 F300.000
G1 X23.5114 Y28.8156 F300.000
G1 X23.4425 Y28.8028 F300.000
G1 X23.3739 Y28.7883 F300.000
G1 X23.3056 Y28.7721 F300.000
G1 X23.2378 Y28.7542 F300.000
G1 X23.1704 Y28.7347 F300.000
G1 X23.1036 Y28.7135 F300.000
G1 X23.0373 Y28.6907 F300.000
G1 X22.9715 Y28.6662 F300.000
G1 X22.9064 Y28.6402 F300.000
G1 X22.8419 Y28.6126 F300.000
G1 X22.7782 Y28.5833 F300.000
G1 X22.7151 Y28.5526 F300.000
G1 X22.6529 Y28.5203 F300.000
G1 X22.5914 Y28.4865 F300.000
G1 X22.5308 Y28.4511 F300.000
G1 X22.4711 Y28.4144 F300.000
G1 X22.4123 Y28.3761 F300.000
G1 X22.3545 Y28.3364 F300.000
G1 X22.2977 Y28.2953 F300.000
G1 X22.2418 Y28.2529 F300.000
G1 X22.1871 Y28.2090 F300.000
G1 X22.1334 Y28.1639 F300.000
G1 X22.0809 Y28.1174 F300.000
G1 X22.0295 Y28.0697 F300.000
G1 X21.9793 Y28.0207 F300.000
G1 X21.9303 Y27.9705 F300.000
G1 X21.8826 Y27.9191 F300.000
G1 X21.8361 Y27.8666 F300.000
G1 X21.7910 Y27.8129 F300.000
G1 X21.7471 Y27.7582 F300.000
G1 X21.7047 Y27.7023 F300.000
G1 X21.6636 Y27.6455 F300.000
G1 X21.6239 Y27.5877 F300.000
G1 X21.5856 Y27.5289 F300.000
G1 X21.5489 Y27.4692 F300.000
G1 X21.5135 Y27.4086 F300.000
G1 X21.4797 Y27.3471 F300.000
G1 X21.4474 Y27.2849 F300.000
G1 X21.4167 Y27.2218 F300.000
G1 X21.3874 Y27.1581 F300.000
G1 X21.3598 Y27.0936 F300.000
G1 X21.3338 Y27.0285 F300.000
G1 X21.3093 Y26.9627 F300.000
G1 X21.2865 Y26.8964 F300.000
G1 X21.2653 Y26.8296 F300.000
G1 X21.2458 Y26.7622 F300.000
G1 X21.2279 Y26.6944 F300.000
G1 X21.2117 Y26.6261 F300.000
G1 X21.1972 Y26.5575 F300.000
G1 X21.1844 Y26.4886 F300.000
G1 X21.1732 Y26.4193 F300.000
G1 X21.1638 Y26.3498 F300.000
G1 X21.1560 Y26.2801 F300.000
G1 X21.1500 Y26.2102 F300.000
G1 X21.1457 Y26.1402 F300.000
G1 X21.1431 Y26.0701 F300.000
G1 X21.1423 Y26.0000 F300.000
G1 X21.1423 Y14.0000 F300.000
G0 Z5.0000
G0 X12.1277 Y12.1277
G1 Z-0.5000 F80.000
G1 X12.1277 Y27.8723 F300.000
G1 X20.3215 Y27.8723 F300.000
G1 X20.3130 Y27.8559 F300.000
G1 X20.2686 Y27.7648 F300.000
G1 X20.2264 Y27.6727 F300.000
G1 X20.1865 Y27.5796 F300.000
G1 X20.1489 Y27.4855 F300.000
G1 X20.1136 Y27.3906 F300.000
G1 X20.0806 Y27.2948 F300.000
G1 X20.0500 Y27.1982 F300.000
G1 X20.0218 Y27.1009 F300.000
G1 X19.9960 Y27.0030 F300.000
G1 X19.9726 Y26.9044 F300.000
G1 X19.9516 Y26.8053 F300.000
G1 X19.9331 Y26.7057 F300.000
G1 X19.9170 Y26.6057 F300.000
G1 X19.9033 Y26.5053 F300.000
G1 X19.8922 Y26.4046 F300.000
G1 X19.8835 Y26.3037 F300.000
G1 X19.8773 Y26.2025 F300.000
G1 X19.8735 Y26.1013 F300.000
G1 X19.8723 Y26.0000 F300.000
G1 X19.8723 Y14.0000 F300.000
G1 X19.8735 Y13.8987 F300.000
G1 X19.8773 Y13.7975 F300.000
G1 X19.8835 Y13.6963 F300.000
G1 X19.8922 Y13.5954 F300.000
G1 X19.9033 Y13.4947 F300.000
G1 X19.9170 Y13.3943 F300.000
G1 X19.9331 Y13.2943 F300.000
G1 X19.9516 Y13.1947 F300.000
G1 X19.9726 Y13.0956 F300.000
G1 X19.9960 Y12.9970 F300.000
G1 X20.0218 Y12.8991 F300.000
G1 X20.0500 Y12.8018 F300.000
G1 X20.0806 Y12.7052 F300.000
G1 X20.1136 Y12.6094 F300.000
G1 X20.1489 Y12.5145 F300.000
G1 X20.1865 Y12.4204 F300.000
G1 X20.2264 Y12.3273 F300.000
G1 X20.2686 Y12.2352 F300.000
G1 X20.3130 Y12.1441 F300.000
G1 X20.3215 Y12.1277 F300.000
G1 X12.1277 Y12.1277 F300.000
G0 Z5.0000
G0 X39.6785 Y12.1277
G1 Z-0.5000 F80.000
G1 X39.6870 Y12.1441 F300.000
G1 X39.7314 Y12.2352 F300.000
G1 X39.7736 Y12.3273 F300.000
G1 X39.8135 Y12.4204 F300.000
G1 X39.8511 Y12.5145 F300.000
G1 X39.8864 Y12.6094 F300.000
G1 X39.9194 Y12.7052 F300.000
G1 X39.9500 Y12.8018 F300.000
G1 X39.9782 Y12.8991 F300.000
G1 X40.0040 Y12.9970 F300.000
G1 X40.0274 Y13.0956 F300.000
G1 X40.0484 Y13.1947 F300.000
G1 X40.0669 Y13.2943 F300.000
G1 X40.0830 Y13.3943 F300.000
G1 X40.0967 Y13.4947 F300.000
G1 X40.1078 Y13.5954 F300.000
G1 X40.1165 Y13.6963 F300.000
G1 X40.1227 Y13.7975 F300.000
G1 X40.1265 Y13.8987 F300.000
G1 X40.1277 Y14.0000 F300.000
G1 X40.1277 Y26.0000 F300.000
G1 X40.1265 Y26.1013 F300.000
G1 X40.1227 Y26.2025 F300.000
G1 X40.1165 Y26.3037 F300.000
G1 X40.1078 Y26.4046 F300.000
G1 X40.0967 Y26.5053 F300.000
G1 X40.0830 Y26.6057 F300.000
G1 X40.0669 Y26.7057 F300.000
G1 X40.0484 Y26.8053 F300.000
G1 X40.0274 Y26.9044 F300.000
G1 X40.0040 Y27.0030 F300.000
G1 X39.9782 Y27.1009 F300.000
G1 X39.9500 Y27.1982 F300.000
G1 X39.9194 Y27.2948 F300.000
G1 X39.8864 Y27.3906 F300.000
G1 X39.8511 Y27.4855 F300.000
G1 X39.8135 Y27.5796 F300.000
G1 X39.7736 Y27.6727 F300.000
G1 X39.7314 Y27.7648 F300.000
G1 X39.6870 Y27.8559 F300.000
G1 X39.6785 Y27.8723 F300.000
G1 X47.8723 Y27.8723 F300.000
G1 X47.8723 Y12.1277 F300.000
G1 X39.6785 Y12.1277 F300.000
G0 Z5.0000
G0 X13.3977 Y13.3977
G1 Z-0.5000 F80.000
G1 X13.3977 Y26.6023 F300.000
G1 X18.6364 Y26.6023 F300.000
G1 X18.6283 Y26.5291 F300.000
G1 X18.6169 Y26.3971 F300.000
G1 X18.6088 Y26.2649 F300.000
G1 X18.6039 Y26.1325 F300.000
G1 X18.6023 Y26.0000 F300.000
G1 X18.6023 Y14.0000 F300.000
G1 X18.6039 Y13.8675 F300.000
G1 X18.6088 Y13.7351 F300.000
G1 X18.6169 Y13.6029 F300.000
G1 X18.6283 Y13.4709 F300.000
G1 X18.6364 Y13.3977 F300.000
G1 X13.3977 Y13.3977 F300.000
G0 Z5.0000
G0 X41.3636 Y13.3977
G1 Z-0.5000 F80.000
G1 X41.3717 Y13.4709 F300.000
G1 X41.3831 Y13.6029 F300.000
G1 X41.3912 Y13.7351 F300.000
G1 X41.3961 Y13.8675 F300.000
G1 X41.3977 Y14.0000 F300.000
G1 X41.3977 Y26.0000 F300.000
G1 X41.3961 Y26.1325 F300.000
G1 X41.3912 Y26.2649 F300.000
G1 X41.3831 Y26.3971 F300.000
G1 X41.3717 Y26.5291 F300.000
G1 X41.3636 Y26.6023 F300.000
G1 X46.6023 Y26.6023 F300.000
G1 X46.6023 Y13.3977 F300.000
G1 X41.3636 Y13.3977 F300.000
G0 Z5.0000
G0 X14.6677 Y14.6677
G1 Z-0.5000 F80.000
G1 X14.6677 Y25.3323 F300.000
G1 X17.3323 Y25.3323 F300.000
G1 X17.3323 Y14.6677 F300.000
G1 X14.6677 Y14.6677 F300.000
G0 Z5.0000
G0 X42.6677 Y14.6677
G1 Z-0.5000 F80.000
G1 X42.6677 Y25.3323 F300.000
G1 X45.3323 Y25.3323 F300.000
G1 X45.3323 Y14.6677 F300.000
G1 X42.6677 Y14.6677 F300.000
G0 Z5.0000
G0 X15.9377 Y15.9377
G1 Z-0.5000 F80.000
G1 X15.9377 Y24.0623 F300.000
G1 X16.0623 Y24.0623 F300.000
G1 X16.0623 Y15.9377 F300.000
G1 X15.9377 Y15.9377 F300.000
G0 Z5.0000
G0 X43.9377 Y15.9377
G1 Z-0.5000 F80.000
G1 X43.9377 Y24.0623 F300.000
G1 X44.0623 Y24.0623 F300.000
G1 X44.0623 Y15.9377 F300.000
G1 X43.9377 Y15.9377 F300.000
G0 Z5.0000
G0 X9.5877 Y9.5877
G1 Z-0.7500 F80.000
G1 X9.5877 Y30.4123 F300.000
G1 X50.4123 Y30.4123 F300.000
G1 X50.4123 Y9.5877 F300.000
G1 X9.5877 Y9.5877 F300.000
G0 Z5.0000
G0 X22.4123 Y14.0000
G1 Z-0.7500 F80.000
G1 X22.4128 Y13.9610 F300.000
G1 X22.4142 Y13.9221 F300.000
G1 X22.4166 Y13.8832 F300.000
G1 X22.4199 Y13.8444 F300.000
G1 X22.4242 Y13.8056 F300.000
G1 X22.4295 Y13.7670 F300.000
G1 X22.4357 Y13.7286 F300.000
G1 X22.4428 Y13.6903 F300.000
G1 X22.4509 Y13.6521 F300.000
G1 X22.4599 Y13.6142 F300.000
G1 X22.4698 Y13.5765 F300.000
G1 X22.4806 Y13.5391 F300.000
G1 X22.4924 Y13.5020 F300.000
G1 X22.5051 Y13.4651 F300.000
G1 X22.5187 Y13.4286 F300.000
G1 X22.5331 Y13.3924 F300.000
G1 X22.5485 Y13.3566 F300.000
G1 X22.5647 Y13.3212 F300.000
G1 X22.5818 Y13.2861 F300.000
G1 X22.5998 Y13.2516 F300.000
G1 X22.6185 Y13.2174 F300.000
G1 X22.6382 Y13.1837 F300.000
G1 X22.6586 Y13.1506 F300.000
G1 X22.6799 Y13.1179 F300.000
G1 X22.7019 Y13.0858 F300.000
G1 X22.7247 Y13.0542 F300.000
G1 X22.7483 Y13.0232 F300.000
G1 X22.7727 Y12.9928 F300.000
G1 X22.7978 Y12.9629 F300.000
G1 X22.8236 Y12.9338 F300.000
G1 X22.8501 Y12.9052 F300.000
G1 X22.8773 Y12.8773 F300.000
G1 X22.9052 Y12.8501 F300.000
G1 X22.9338 Y12.8236 F300.000
G1 X22.9629 Y12.7978 F300.000
G1 X22.9928 Y12.7727 F300.000
G1 X23.0232 Y12.7483 F300.000
G1 X23.0542 Y12.7247 F300.000
G1 X23.0858 Y12.7019 F300.000
G1 X23.1179 Y12.6799 F300.000
G1 X23.1506 Y12.6586 F300.000
G1 X23.1837 Y12.6382 F300.000
G1 X23.2174 Y12.6185 F300.000
G1 X23.2516 Y12.5998 F300.000
G1 X23.2861 Y12.5818 F300.000
G1 X23.3212 Y12.5647 F300.000
G1 X23.3566 Y12.5485 F300.000
G1 X23.3924 Y12.5331 F300.000
G1 X23.4286 Y12.5187 F300.000
G1 X23.4651 Y12.5051 F300.000
G1 X23.5020 Y12.4924 F300.000
G1 X23.5391 Y12.4806 F300.000
G1 X23.5765 Y12.4698 F300.000
G1 X23.6142 Y12.4599 F300.000
G1 X23.6521 Y12.4509 F300.000
G1 X23.6903 Y12.4428 F300.000
G1 X23.7286 Y12.4357 F300.000
G1 X23.7670 Y12.4295 F300.000
G1 X23.8056 Y12.4242 F300.000
G1 X23.8444 Y12.4199 F300.000
G1 X23.8832 Y12.4166 F300.000
G1 X23.9221 Y12.4142 F300.000
G1 X23.9610 Y12.4128 F300.000
G1 X24.0000 Y12.4123 F300.000
G1 X36.0000 Y12.4123 F300.000
G1 X36.0390 Y12.4128 F300.000
G1 X36.0779 Y12.4142 F300.000
G1 X36.1168 Y12.4166 F300.000
G1 X36.1556 Y12.4199 F300.000
G1 X36.1944 Y12.4242 F300.000
G1 X36.2330 Y12.4295 F300.000
G1 X36.2714 Y12.4357 F300.000
G1 X36.3097 Y12.4428 F300.000
G1 X36.3479 Y12.4509 F300.000
G1 X36.3858 Y12.4599 F300.000
G1 X36.4235 Y12.4698 F300.000
G1 X36.4609 Y12.4806 F300.000
G1 X36.4980 Y12.4924 F300.000
G1 X36.5349 Y12.5051 F300.000
G1 X36.5714 Y12.5187 F300.000
G1 X36.6076 Y12.5331 F300.000
G1 X36.6434 Y12.5485 F300.000
G1 X36.6788 Y12.5647 F300.000
G1 X36.7139 Y12.5818 F300.000
G1 X36.7484 Y12.5998 F300.000
G1 X36.7826 Y12.6185 F300.000
G1 X36.8163 Y12.6382 F300.000
G1 X36.8494 Y12.6586 F300.000
G1 X36.8821 Y12.6799 F300.000
G1 X36.9142 Y12.7019 F300.000
G1 X36.9458 Y12.7247 F300.000
G1 X36.9768 Y12.7483 F300.000
G1 X37.0072 Y12.7727 F300.000
G1 X37.0371 Y12.7978 F300.000
G1 X37.0662 Y12.8236 F300.000
G1 X37.0948 Y12.8501 F300.000
G1 X37.1227 Y12.8773 F300.000
G1 X37.1499 Y12.9052 F300.000
G1 X37.1764 Y12.9338 F300.000
G1 X37.2022 Y12.9629 F300.000
G1 X37.2273 Y12.9928 F300.000
G1 X37.2517 Y13.0232 F300.000
G1 X37.2753 Y13.0542 F300.000
G1 X37.2981 Y13.0858 F300.000
G1 X37.3201 Y13.1179 F300.000
G1 X37.3414 Y13.1506 F300.000
G1 X37.3618 Y13.1837 F300.000
G1 X37.3815 Y13.2174 F300.000
G1 X37.4002 Y13.2516 F300.000
G1 X37.4182 Y13.2861 F300.000
G1 X37.4353 Y13.3212 F300.000
G1 X37.4515 Y13.3566 F300.000
G1 X37.4669 Y13.3924 F300.000
G1 X37.4813 Y13.4286 F300.000
G1 X37.4949 Y13.4651 F300.000
G1 X37.5076 Y13.5020 F300.000
G1 X37.5194 Y13.5391 F300.000
G1 X37.5302 Y13.5765 F300.000
G1 X37.5401 Y13.6142 F300.000
G1 X37.5491 Y13.6521 F300.000
G1 X37.5572 Y13.6903 F300.000
G1 X37.5643 Y13.7286 F300.000
G1 X37.5705 Y13.7670 F300.000
G1 X37.5758 Y13.8056 F300.000
G1 X37.5801 Y13.8444 F300.000
G1 X37.5834 Y13.8832 F300.000
G1 X37.5858 Y13.9221 F300.000
G1 X37.5872 Y13.9610 F300.000
G1 X37.5877 Y14.0000 F300.000
G1 X37.5877 Y26.0000 F300.000
G1 X37.5872 Y26.0390 F300.000
G1 X37.5858 Y26.0779 F300.000
G1 X37.5834 Y26.1168 F300.000
G1 X37.5801 Y26.1556 F300.000
G1 X37.5758 Y26.1944 F300.000
G1 X37.5705 Y26.2330 F300.000
G1 X37.5643 Y26.2714 F300.000
G1 X37.5572 Y26.3097 F300.000
G1 X37.5491 Y26.3479 F300.000
G1 X37.5401 Y26.3858 F300.000
G1 X37.5302 Y26.4235 F300.000
G1 X37.5194 Y26.4609 F300.000
G1 X37.5076 Y26.4980 F300.000
G1 X37.4949 Y26.5349 F300.000
G1 X37.4813 Y26.5714 F300.000
G1 X37.4669 Y26.6076 F300.000
G1 X37.4515 Y26.6434 F300.000
G1 X37.4353 Y26.6788 F300.000
G1 X37.4182 Y26.7139 F300.000
G1 X37.4002 Y26.7484 F300.000
G1 X37.3815 Y26.7826 F300.000
G1 X37.3618 Y26.8163 F300.000
G1 X37.3414 Y26.8494 F300.000
G1 X37.3201 Y26.8821 F300.000
G1 X37.2981 Y26.9142 F300.000
G1 X37.2753 Y26.9458 F300.000
G1 X37.2517 Y26.9768 F300.000
G1 X37.2273 Y27.0072 F300.000
G1 X37.2022 Y27.0371 F300.000
G1 X37.1764 Y27.0662 F300.000
G1 X37.1499 Y27.0948 F300.000
G1 X37.1227 Y27.1227 F300.000
G1 X37.0948 Y27.1499 F300.000
G1 X37.0662 Y27.1764 F300.000
G1 X37.0371 Y27.2022 F300.000
G1 X37.0072 Y27.2273 F300.000
G1 X36.9768 Y27.2517 F300.000
G1 X36.9458 Y27.2753 F300.000
G1 X36.9142 Y27.2981 F300.000
G1 X36.8821 Y27.3201 F300.000
G1 X36.8494 Y27.3414 F300.000
G1 X36.8163 Y27.3618 F300.000
G1 X36.7826 Y27.3815 F300.000
G1 X36.7484 Y27.4002 F300.000
G1 X36.7139 Y27.4182 F300.000
G1 X36.6788 Y27.4353 F300.000
G1 X36.6434 Y27.4515 F300.000
G1 X36.6076 Y27.4669 F300.000
G1 X36.5714 Y27.4813 F300.000
G1 X36.5349 Y27.4949 F300.000
G1 X36.4980 Y27.5076 F300.000
G1 X36.4609 Y27.5194 F300.000
G1 X36.4235 Y27.5302 F300.000
G1 X36.3858 Y27.5401 F300.000
G1 X36.3479 Y27.5491 F300.000
G1 X36.3097 Y27.5572 F300.000
G1 X36.2714 Y27.5643 F300.000
G1 X36.2330 Y27.5705 F300.000
G1 X36.1944 Y27.5758 F300.000
G1 X36.1556 Y27.5801 F300.000
G1 X36.1168 Y27.5834 F300.000
G1 X36.0779 Y27.5858 F300.000
G1 X36.0390 Y27.5872 F300.000
G1 X36.0000 Y27.5877 F300.000
G1 X24.0000 Y27.5877 F300.000
G1 X23.9610 Y27.5872 F300.000
G1 X23.9221 Y27.5858 F300.000
G1 X23.8832 Y27.5834 F300.000
G1 X23.8444 Y27.5801 F300.000
G1 X23.8056 Y27.5758 F300.000
G1 X23.7670 Y27.5705 F300.000
G1 X23.7286 Y27.5643 F300.000
G1 X23.6903 Y27.5572 F300.000
G1 X23.6521 Y27.5491 F300.000
G1 X23.6142 Y27.5401 F300.000
G1 X23.5765 Y27.5302 F300.000
G1 X23.5391 Y27.5194 F300.000
G1 X23.5020 Y27.5076 F300.000
G1 X23.4651 Y27.4949 F300.000
G1 X23.4286 Y27.4813 F300.000
G1 X23.3924 Y27.4669 F300.000
G1 X23.3566 Y27.4515 F300.000
G1 X23.3212 Y27.4353 F300.000
G1 X23.2861 Y27.4182 F300.000
G1 X23.2516 Y27.4002 F300.000
G1 X23.2174 Y27.3815 F300.000
G1 X23.1837 Y27.3618 F300.000
G1 X23.1506 Y27.3414 F300.000
G1 X23.1179 Y27.3201 F300.000
G1 X23.0858 Y27.2981 F300.000
G1 X23.0542 Y27.2753 F300.000
G1 X23.0232 Y27.2517 F300.000
G1 X22.9928 Y27.2273 F300.000
G1 X22.9629 Y27.2022 F300.000
G1 X22.9338 Y27.1764 F300.000
G1 X22.9052 Y27.1499 F300.000
G1 X22.8773 Y27.1227 F300.000
G1 X22.8501 Y27.0948 F300.000
G1 X22.8236 Y27.0662 F300.000
G1 X22.7978 Y27.0371 F300.000
G1 X22.7727 Y27.0072 F300.000
G1 X22.7483 Y26.9768 F300.000
G1 X22.7247 Y26.9458 F300.000
G1 X22.7019 Y26.9142 F300.000
G1 X22.6799 Y26.8821 F300.000
G1 X22.6586 Y26.8494 F300.000
G1 X22.6382 Y26.8163 F300.000
G1 X22.6185 Y26.7826 F300.000
G1 X22.5998 Y26.7484 F300.000
G1 X22.5818 Y26.7139 F300.000
G1 X22.5647 Y26.6788 F300.000
G1 X22.5485 Y26.6434 F300.000
G1 X22.5331 Y26.6076 F300.000
G1 X22.5187 Y26.5714 F300.000
G1 X22.5051 Y26.5349 F300.000
G1 X22.4924 Y26.4980 F300.000
G1 X22.4806 Y26.4609 F300.000
G1 X22.4698 Y26.4235 F300.000
G1 X22.4599 Y26.3858 F300.000
G1 X22.4509 Y26.3479 F300.000
G1 X22.4428 Y26.3097 F300.000
G1 X22.4357 Y26.2714 F300.000
G1 X22.4295 Y26.2330 F300.000
G1 X22.4242 Y26.1944 F300.000
G1 X22.4199 Y26.1556 F300.000
G1 X22.4166 Y26.1168 F300.000
G1 X22.4142 Y26.0779 F300.000
G1 X22.4128 Y26.0390 F300.000
G1 X22.4123 Y26.0000 F300.000
G1 X22.4123 Y14.0000 F300.000
G0 Z5.0000
G0 X10.8577 Y10.8577
G1 Z-0.7500 F80.000
G1 X10.8577 Y29.1423 F300.000
G1 X49.1423 Y29.1423 F300.000
G1 X49.1423 Y10.8577 F300.000
G1 X10.8577 Y10.8577 F300.000
G0 Z5.0000
G0 X21.1423 Y14.0000
G1 Z-0.7500 F80.000
G1 X21.1431 Y13.9299 F300.000
G1 X21.1457 Y13.8598 F300.000
G1 X21.1500 Y13.7898 F300.000
G1 X21.1560 Y13.7199 F300.000
G1 X21.1638 Y13.6502 F300.000
G1 X21.1732 Y13.5807 F300.000
G1 X21.1844 Y13.5114 F300.000
G1 X21.1972 Y13.4425 F300.000
G1 X21.2117 Y13.3739 F300.000
G1 X21.2279 Y13.3056 F300.000
G1 X21.2458 Y13.2378 F300.000
G1 X21.2653 Y13.1704 F300.000
G1 X21.2865 Y13.1036 F300.000
G1 X21.3093 Y13.0373 F300.000
G1 X21.3338 Y12.9715 F300.000
G1 X21.3598 Y12.9064 F300.000
G1 X21.3874 Y12.8419 F300.000
G1 X21.4167 Y12.7782 F300.000
G1 X21.4474 Y12.7151 F300.000
G1 X21.4797 Y12.6529 F300.000
G1 X21.5135 Y12.5914 F300.000
G1 X21.5489 Y12.5308 F300.000
G1 X21.5856 Y12.4711 F300.000
G1 X21.6239 Y12.4123 F300.000
G1 X21.6636 Y12.3545 F300.000
G1 X21.7047 Y12.2977 F300.000
G1 X21.7471 Y12.2418 F300.000
G1 X21.7910 Y12.1871 F300.000
G1 X21.8361 Y12.1334 F300.000
G1 X21.8826 Y12.0809 F300.000
G1 X21.9303 Y12.0295 F300.000
G1 X21.9793 Y11.9793 F300.000
G1 X22.0295 Y11.9303 F300.000
G1 X22.0809 Y11.8826 F300.000
G1 X22.1334 Y11.8361 F300.000
G1 X22.1871 Y11.7910 F300.000
G1 X22.2418 Y11.7471 F300.000
G1 X22.2977 Y11.7047 F300.000
G1 X22.3545 Y11.6636 F300.000
G1 X22.4123 Y11.6239 F300.000
G1 X22.4711 Y11.5856 F300.000
G1 X22.5308 Y11.5489 F300.000
G1 X22.5914 Y11.5135 F300.000
G1 X22.6529 Y11.4797 F300.000
G1 X22.7151 Y11.4474 F300.000
G1 X22.7782 Y11.4167 F300.000
G1 X22.8419 Y11.3874 F300.000
G1 X22.9064 Y11.3598 F300.000
G1 X22.9715 Y11.3338 F300.000
G1 X23.0373 Y11.3093 F300.000
G1 X23.1036 Y11.2865 F300.000
G1 X23.1704 Y11.2653 F300.000
G1 X23.2378 Y11.2458 F300.000
G1 X23.3056 Y11.2279 F300.000
G1 X23.3739 Y11.2117 F300.000
G1 X23.4425 Y11.1972 F300.000
G1 X23.5114 Y11.1844 F300.000
G1 X23.5807 Y11.1732 F300.000
G1 X23.6502 Y11.1638 F300.000
G1 X23.7199 Y11.1560 F300.000
G1 X23.7898 Y11.1500 F300.000
G1 X23.8598 Y11.1457 F300.000
G1 X23.9299 Y11.1431 F300.000
G1 X24.0000 Y11.1423 F300.000
G1 X36.0000 Y11.1423 F300.000
G1 X36.0701 Y11.1431 F300.000
G1 X36.1402 Y11.1457 F300.000
G1 X36.2102 Y11.1500 F300.000
G1 X36.2801 Y11.1560 F300.000
G1 X36.3498 Y11.1638 F300.000
G1 X36.4193 Y11.1732 F300.000
G1 X36.4886 Y11.1844 F300.000
G1 X36.5575 Y11.1972 F300.000
G1 X36.6261 Y11.2117 F300.000
G1 X36.6944 Y11.2279 F300.000
G1 X36.7622 Y11.2458 F300.000
G1 X36.8296 Y11.2653 F300.000
G1 X36.8964 Y11.2865 F300.000
G1 X36.9627 Y11.3093 F300.000
G1 X37.0285 Y11.3338 F300.000
G1 X37.0936 Y11.3598 F300.000
G1 X37.1581 Y11.3874 F300.000
G1 X37.2218 Y11.4167 F300.000
G1 X37.2849 Y11.4474 F300.000
G1 X37.3471 Y11.4797 F300.000
G1 X37.4086 Y11.5135 F300.000
G1 X37.4692 Y11.5489 F300.000
G1 X37.5289 Y11.5856 F300.000
G1 X37.5877 Y11.6239 F300.000
G1 X37.6455 Y11.6636 F300.000
G1 X37.7023 Y11.7047 F300.000
G1 X37.7582 Y11.7471 F300.000
G1 X37.8129 Y11.7910 F300.000
G1 X37.8666 Y11.8361 F300.000
G1 X37.9191 Y11.8826 F300.000
G1 X37.9705 Y11.9303 F300.000
G1 X38.0207 Y11.9793 F300.000
G1 X38.0697 Y12.0295 F300.000
G1 X38.1174 Y12.0809 F300.000
G1 X38.1639 Y12.1334 F300.000
G1 X38.2090 Y12.1871 F300.000
G1 X38.2529 Y12.2418 F300.000
G1 X38.2953 Y12.2977 F300.000
G1 X38.3364 Y12.3545 F300.000
G1 X38.3761 Y12.4123 F300.000
G1 X38.4144 Y12.4711 F300.000
G1 X38.4511 Y12.5308 F300.000
G1 X38.4865 Y12.5914 F300.000
G1 X38.5203 Y12.6529 F300.000
G1 X38.5526 Y12.7151 F300.000
G1 X38.5833 Y12.7782 F300.000
G1 X38.6126 Y12.8419 F300.000
G1 X38.6402 Y12.9064 F300.000
G1 X38.6662 Y12.9715 F300.000
G1 X38.6907 Y13.0373 F300.000
G1 X38.7135 Y13.1036 F300.000
G1 X38.7347 Y13.1704 F300.000
G1 X38.7542 Y13.2378 F300.000
G1 X38.7721 Y13.3056 F300.000
G1 X38.7883 Y13.3739 F300.000
G1 X38.8028 Y13.4425 F300.000
G1 X38.8156 Y13.5114 F300.000
G1 X38.8268 Y13.5807 F300.000
G1 X38.8362 Y13.6502 F300.000
G1 X38.8440 Y13.7199 F300.000
G1 X38.8500 Y13.7898 F300.000
G1 X38.8543 Y13.8598 F300.000
G1 X38.8569 Y13.9299 F300.000
G1 X38.8577 Y14.0000 F300.000
G1 X38.8577 Y26.0000 F300.000
G1 X38.8569 Y26.0701 F300.000
G1 X38.8543 Y26.1402 F300.000
G1 X38.8500 Y26.2102 F300.000
G1 X38.8440 Y26.2801 F300.000
G1 X38.8362 Y26.3498 F300.000
G1 X38.8268 Y26.4193 F300.000
G1 X38.8156 Y26.4886 F300.000
G1 X38.8028 Y26.5575 F300.000
G1 X38.7883 Y26.6261 F300.000
G1 X38.7721 Y26.6944 F300.000
G1 X38.7542 Y26.7622 F300.000
G1 X38.7347 Y26.8296 F300.000
G1 X38.7135 Y26.8964 F300.000
G1 X38.6907 Y26.9627 F300.000
G1 X38.6662 Y27.0285 F300.000
G1 X38.6402 Y27.0936 F300.000
G1 X38.6126 Y27.1581 F300.000
G1 X38.5833 Y27.2218 F300.000
G1 X38.5526 Y27.2849 F300.000
G1 X38.5203 Y27.3471 F300.000
G1 X38.4865 Y27.4086 F300.000
G1 X38.4511 Y27.4692 F300.000
G1 X38.4144 Y27.5289 F300.000
G1 X38.3761 Y27.5877 F300.000
G1 X38.3364 Y27.6455 F300.000
G1 X38.2953 Y27.7023 F300.000
G1 X38.2529 Y27.7582 F300.000
G1 X38.2090 Y27.8129 F300.000
G1 X38.1639 Y27.8666 F300.000
G1 X38.1174 Y27.9191 F300.000
G1 X38.0697 Y27.9705 F300.000
G1 X38.0207 Y28.0207 F300.000
G1 X37.9705 Y28.0697 F300.000
G1 X37.9191 Y28.1174 F300.000
G1 X37.8666 Y28.1639 F300.000
G1 X37.8129 Y28.2090 F300.000
G1 X37.7582 Y28.2529 F300.000
G1 X37.7023 Y28.2953 F300.000
G1 X37.6455 Y28.3364 F300.000
G1 X37.5877 Y28.3761 F300.000
G1 X37.5289 Y28.4144 F300.000
G1 X37.4692 Y28.4511 F300.000
G1 X37.4086 Y28.4865 F300.000
G1 X37.3471 Y28.5203 F300.000
G1 X37.2849 Y28.5526 F300.000
G1 X37.2218 Y28.5833 F300.000
G1 X37.1581 Y28.6126 F300.000
G1 X37.0936 Y28.6402 F300.000
G1 X37.0285 Y28.6662 F300.000
G1 X36.9627 Y28.6907 F300.000
G1 X36.8964 Y28.7135 F300.000
G1 X36.8296 Y28.7347 F300.000
G1 X36.7622 Y28.7542 F300.000
G1 X36.6944 Y28.7721 F300.000
G1 X36.6261 Y28.7883 F300.000
G1 X36.5575 Y28.8028 F300.000
G1 X36.4886 Y28.8156 F300.000
G1 X36.4193 Y28.8268 F300.000
G1 X36.3498 Y28.8362 F300.000
G1 X36.2801 Y28.8440 F300.000
G1 X36.2102 Y28.8500 F300.000
G1 X36.1402 Y28.8543 F300.000
G1 X36.0701 Y28.8569 F300.000
G1 X36.0000 Y28.8577 F300.000
G1 X24.0000 Y28.8577 F300.000
G1 X23.9299 Y28.8569 F300.000
G1 X23.8598 Y28.8543 F300.000
G1 X23.7898 Y28.8500 F300.000
G1 X23.7199 Y28.8440 F300.000
G1 X23.6502 Y28.8362 F300.000
G1 X23.5807 Y28.8268 F300.000
G1 X23.5114 Y28.8156 F300.000
G1 X23.4425 Y28.8028 F300.000
G1 X23.3739 Y28.7883 F300.000
G1 X23.3056 Y28.7721 F300.000
G1 X23.2378 Y28.7542 F300.000
G1 X23.1704 Y28.7347 F300.000
G1 X23.1036 Y28.7135 F300.000
G1 X23.0373 Y28.6907 F300.000
G1 X22.9715 Y28.6662 F300.000
G1 X22.9064 Y28.6402 F300.000
G1 X22.8419 Y28.6126 F300.000
G1 X22.7782 Y28.5833 F300.000
G1 X22.7151 Y28.5526 F300.000
G1 X22.6529 Y28.5203 F300.000
G1 X22.5914 Y28.4865 F300.000
G1 X22.5308 Y28.4511 F300.000
G1 X22.4711 Y28.4144 F300.000
G1 X22.4123 Y28.3761 F300.000
G1 X22.3545 Y28.3364 F300.000
G1 X22.2977 Y28.2953 F300.000
G1 X22.2418 Y28.2529 F300.000
G1 X22.1871 Y28.2090 F300.000
G1 X22.1334 Y28.1639 F300.000
G1 X22.0809 Y28.1174 F300.000
G1 X22.0295 Y28.0697 F300.000
G1 X21.9793 Y28.0207 F300.000
G1 X21.9303 Y27.9705 F300.000
G1 X21.8826 Y27.9191 F300.000
G1 X21.8361 Y27.8666 F300.000
G1 X21.7910 Y27.8129 F300.000
G1 X21.7471 Y27.7582 F300.000
G1 X21.7047 Y27.7023 F300.000
G1 X21.6636 Y27.6455 F300.000
G1 X21.6239 Y27.5877 F300.000
G1 X21.5856 Y27.5289 F300.000
G1 X21.5489 Y27.4692 F300.000
G1 X21.5135 Y27.4086 F300.000
G1 X21.4797 Y27.3471 F300.000
G1 X21.4474 Y27.2849 F300.000
G1 X21.4167 Y27.2218 F300.000
G1 X21.3874 Y27.1581 F300.000
G1 X21.3598 Y27.0936 F300.000
G1 X21.3338 Y27.0285 F300.000
G1 X21.3093 Y26.9627 F300.000
G1 X21.2865 Y26.8964 F300.000
G1 X21.2653 Y26.8296 F300.000
G1 X21.2458 Y26.7622 F300.000
G1 X21.2279 Y26.6944 F300.000
G1 X21.2117 Y26.6261 F300.000
G1 X21.1972 Y26.5575 F300.000
G1 X21.1844 Y26.4886 F300.000
G1 X21.1732 Y26.4193 F300.000
G1 X21.1638 Y26.3498 F300.000
G1 X21.1560 Y26.2801 F300.000
G1 X21.1500 Y26.2102 F300.000
G1 X21.1457 Y26.1402 F300.000
G1 X21.1431 Y26.0701 F300.000
G1 X21.1423 Y26.0000 F300.000
G1 X21.1423 Y14.0000 F300.000
G0 Z5.0000
G0 X12.1277 Y12.1277
G1 Z-0.7500 F80.000
G1 X12.1277 Y27.8723 F300.000
G1 X20.3215 Y27.8723 F300.000
G1 X20.3130 Y27.8559 F300.000
G1 X20.2686 Y27.7648 F300.000
G1 X20.2264 Y27.6727 F300.000
G1 X20.1865 Y27.5796 F300.000
G1 X20.1489 Y27.4855 F300.000
G1 X20.1136 Y27.3906 F300.000
G1 X20.0806 Y27.2948 F300.000
G1 X20.0500 Y27.1982 F300.000
G1 X20.0218 Y27.1009 F300.000
G1 X19.9960 Y27.0030 F300.000
G1 X19.9726 Y26.9044 F300.000
G1 X19.9516 Y26.8053 F300.000
G1 X19.9331 Y26.7057 F300.000
G1 X19.9170 Y26.6057 F300.000
G1 X19.9033 Y26.5053 F300.000
G1 X19.8922 Y26.4046 F300.000
G1 X19.8835 Y26.3037 F300.000
G1 X19.8773 Y26.2025 F300.000
G1 X19.8735 Y26.1013 F300.000
G1 X19.8723 Y26.0000 F300.000
G1 X19.8723 Y14.0000 F300.000
G1 X19.8735 Y13.8987 F300.000
G1 X19.8773 Y13.7975 F300.000
G1 X19.8835 Y13.6963 F300.000
G1 X19.8922 Y13.5954 F300.000
G1 X19.9033 Y13.4947 F300.000
G1 X19.9170 Y13.3943 F300.000
G1 X19.9331 Y13.2943 F300.000
G1 X19.9516 Y13.1947 F300.000
G1 X19.9726 Y13.0956 F300.000
G1 X19.9960 Y12.9970 F300.000
G1 X20.0218 Y12.8991 F300.000
G1 X20.0500 Y12.8018 F300.000
G1 X20.0806 Y12.7052 F300.000
G1 X20.1136 Y12.6094 F300.000
G1 X20.1489 Y12.5145 F300.000
G1 X20.1865 Y12.4204 F300.000
G1 X20.2264 Y12.3273 F300.000
G1 X20.2686 Y12.2352 F300.000
G1 X20.3130 Y12.1441 F300.000
G1 X20.3215 Y12.1277 F300.000
G1 X12.1277 Y12.1277 F300.000
G0 Z5.0000
G0 X39.6785 Y12.1277
G1 Z-0.7500 F80.000
G1 X39.6870 Y12.1441 F300.000
G1 X39.7314 Y12.2352 F300.000
G1 X39.7736 Y12.3273 F300.000
G1 X39.8135 Y12.4204 F300.000
G1 X39.8511 Y12.5145 F300.000
G1 X39.8864 Y12.6094 F300.000
G1 X39.9194 Y12.7052 F300.000
G1 X39.9500 Y12.8018 F300.000
G1 X39.9782 Y12.8991 F300.000
G1 X40.0040 Y12.9970 F300.000
G1 X40.0274 Y13.0956 F300.000
G1 X40.0484 Y13.1947 F300.000
G1 X40.0669 Y13.2943 F300.000
G1 X40.0830 Y13.3943 F300.000
G1 X40.0967 Y13.4947 F300.000
G1 X40.1078 Y13.5954 F300.000
G1 X40.1165 Y13.6963 F300.000
G1 X40.1227 Y13.7975 F300.000
G1 X40.1265 Y13.8987 F300.000
G1 X40.1277 Y14.0000 F300.000
G1 X40.1277 Y26.0000 F300.000
G1 X40.1265 Y26.1013 F300.000
G1 X40.1227 Y26.2025 F300.000
G1 X40.1165 Y26.3037 F300.000
G1 X40.1078 Y26.4046 F300.000
G1 X40.0967 Y26.5053 F300.000
G1 X40.0830 Y26.6057 F300.000
G1 X40.0669 Y26.7057 F300.000
G1 X40.0484 Y26.8053 F300.000
G1 X40.0274 Y26.9044 F300.000
G1 X40.0040 Y27.0030 F300.000
G1 X39.9782 Y27.1009 F300.000
G1 X39.9500 Y27.1982 F300.000
G1 X39.9194 Y27.2948 F300.000
G1 X39.8864 Y27.3906 F300.000
G1 X39.8511 Y27.4855 F300.000
G1 X39.8135 Y27.5796 F300.000
G1 X39.7736 Y27.6727 F300.000
G1 X39.7314 Y27.7648 F300.000
G1 X39.6870 Y27.8559 F300.000
G1 X39.6785 Y27.8723 F300.000
G1 X47.8723 Y27.8723 F300.000
G1 X47.8723 Y12.1277 F300.000
G1 X39.6785 Y12.1277 F300.000
G0 Z5.0000
G0 X13.3977 Y13.3977
G1 Z-0.7500 F80.000
G1 X13.3977 Y26.6023 F300.000
G1 X18.6364 Y26.6023 F300.000
G1 X18.6283 Y26.5291 F300.000
G1 X18.6169 Y26.3971 F300.000
G1 X18.6088 Y26.2649 F300.000
G1 X18.6039 Y26.1325 F300.000
G1 X18.6023 Y26.0000 F300.000
G1 X18.6023 Y14.0000 F300.000
G1 X18.6039 Y13.8675 F300.000
G1 X18.6088 Y13.7351 F300.000
G1 X18.6169 Y13.6029 F300.000
G1 X18.6283 Y13.4709 F300.000
G1 X18.6364 Y13.3977 F300.000
G1 X13.3977 Y13.3977 F300.000
G0 Z5.0000
G0 X41.3636 Y13.3977
G1 Z-0.7500 F80.000
G1 X41.3717 Y13.4709 F300.000
G1 X41.3831 Y13.6029 F300.000
G1 X41.3912 Y13.7351 F300.000
G1 X41.3961 Y13.8675 F300.000
G1 X41.3977 Y14.0000 F300.000
G1 X41.3977 Y26.0000 F300.000
G1 X41.3961 Y26.1325 F300.000
G1 X41.3912 Y26.2649 F300.000
G1 X41.3831 Y26.3971 F300.000
G1 X41.3717 Y26.5291 F300.000
G1 X41.3636 Y26.6023 F300.000
G1 X46.6023 Y26.6023 F300.000
G1 X46.6023 Y13.3977 F300.000
G1 X41.3636 Y13.3977 F300.000
G0 Z5.0000
G0 X14.6677 Y14.6677
G1 Z-0.7500 F80.000
G1 X14.6677 Y25.3323 F300.000
G1 X17.3323 Y25.3323 F300.000
G1 X17.3323 Y14.6677 F300.000
G1 X14.6677 Y14.6677 F300.000
G0 Z5.0000
G0 X42.6677 Y14.6677
G1 Z-0.7500 F80.000
G1 X42.6677 Y25.3323 F300.000
G1 X45.3323 Y25.3323 F300.000
G1 X45.3323 Y14.6677 F300.000
G1 X42.6677 Y14.6677 F300.000
G0 Z5.0000
G0 X15.9377 Y15.9377
G1 Z-0.7500 F80.000
G1 X15.9377 Y24.0623 F300.000
G1 X16.0623 Y24.0623 F300.000
G1 X16.0623 Y15.9377 F300.000
G1 X15.9377 Y15.9377 F300.000
G0 Z5.0000
G0 X43.9377 Y15.9377
G1 Z-0.7500 F80.000
G1 X43.9377 Y24.0623 F300.000
G1 X44.0623 Y24.0623 F300.000
G1 X44.0623 Y15.9377 F300.000
G1 X43.9377 Y15.9377 F300.000
G0 Z5.0000
G0 X9.5877 Y9.5877
G1 Z-1.0000 F80.000
G1 X9.5877 Y30.4123 F300.000
G1 X50.4123 Y30.4123 F300.000
G1 X50.4123 Y9.5877 F300.000
G1 X9.5877 Y9.5877 F300.000
G0 Z5.0000
G0 X22.4123 Y14.0000
G1 Z-1.0000 F80.000
G1 X22.4128 Y13.9610 F300.000
G1 X22.4142 Y13.9221 F300.000
G1 X22.4166 Y13.8832 F300.000
G1 X22.4199 Y13.8444 F300.000
G1 X22.4242 Y13.8056 F300.000
G1 X22.4295 Y13.7670 F300.000
G1 X22.4357 Y13.7286 F300.000
G1 X22.4428 Y13.6903 F300.000
G1 X22.4509 Y13.6521 F300.000
G1 X22.4599 Y13.6142 F300.000
G1 X22.4698 Y13.5765 F300.000
G1 X22.4806 Y13.5391 F300.000
G1 X22.4924 Y13.5020 F300.000
G1 X22.5051 Y13.4651 F300.000
G1 X22.5187 Y13.4286 F300.000
G1 X22.5331 Y13.3924 F300.000
G1 X22.5485 Y13.3566 F300.000
G1 X22.5647 Y13.3212 F300.000
G1 X22.5818 Y13.2861 F300.000
G1 X22.5998 Y13.2516 F300.000
G1 X22.6185 Y13.2174 F300.000
G1 X22.6382 Y13.1837 F300.000
G1 X22.6586 Y13.1506 F300.000
G1 X22.6799 Y13.1179 F300.000
G1 X22.7019 Y13.0858 F300.000
G1 X22.7247 Y13.0542 F300.000
G1 X22.7483 Y13.0232 F300.000
G1 X22.7727 Y12.9928 F300.000
G1 X22.7978 Y12.9629 F300.000
G1 X22.8236 Y12.9338 F300.000
G1 X22.8501 Y12.9052 F300.000
G1 X22.8773 Y12.8773 F300.000
G1 X22.9052 Y12.8501 F300.000
G1 X22.9338 Y12.8236 F300.000
G1 X22.9629 Y12.7978 F300.000
G1 X22.9928 Y12.7727 F300.000
G1 X23.0232 Y12.7483 F300.000
G1 X23.0542 Y12.7247 F300.000
G1 X23.0858 Y12.7019 F300.000
G1 X23.1179 Y12.6799 F300.000
G1 X23.1506 Y12.6586 F300.000
G1 X23.1837 Y12.6382 F300.000
G1 X23.2174 Y12.6185 F300.000
G1 X23.2516 Y12.5998 F300.000
G1 X23.2861 Y12.5818 F300.000
G1 X23.3212 Y12.5647 F300.000
G1 X23.3566 Y12.5485 F300.000
G1 X23.3924 Y12.5331 F300.000
G1 X23.4286 Y12.5187 F300.000
G1 X23.4651 Y12.5051 F300.000
G1 X23.5020 Y12.4924 F300.000
G1 X23.5391 Y12.4806 F300.000
G1 X23.5765 Y12.4698 F300.000
G1 X23.6142 Y12.4599 F300.000
G1 X23.6521 Y12.4509 F300.000
G1 X23.6903 Y12.4428 F300.000
G1 X23.7286 Y12.4357 F300.000
G1 X23.7670 Y12.4295 F300.000
G1 X23.8056 Y12.4242 F300.000
G1 X23.8444 Y12.4199 F300.000
G1 X23.8832 Y12.4166 F300.000
G1 X23.9221 Y12.4142 F300.000
G1 X23.9610 Y12.4128 F300.000
G1 X24.0000 Y12.4123 F300.000
G1 X36.0000 Y12.4123 F300.000
G1 X36.0390 Y12.4128 F300.000
G1 X36.0779 Y12.4142 F300.000
G1 X36.1168 Y12.4166 F300.000
G1 X36.1556 Y12.4199 F300.000
G1 X36.1944 Y12.4242 F300.000
G1 X36.2330 Y12.4295 F300.000
G1 X36.2714 Y12.4357 F300.000
G1 X36.3097 Y12.4428 F300.000
G1 X36.3479 Y12.4509 F300.000
G1 X36.3858 Y12.4599 F300.000
G1 X36.4235 Y12.4698 F300.000
G1 X36.4609 Y12.4806 F300.000
G1 X36.4980 Y12.4924 F300.000
G1 X36.5349 Y12.5051 F300.000
G1 X36.5714 Y12.5187 F300.000
G1 X36.6076 Y12.5331 F300.000
G1 X36.6434 Y12.5485 F300.000
G1 X36.6788 Y12.5647 F300.000
G1 X36.7139 Y12.5818 F300.000
G1 X36.7484 Y12.5998 F300.000
G1 X36.7826 Y12.6185 F300.000
G1 X36.8163 Y12.6382 F300.000
G1 X36.8494 Y12.6586 F300.000
G1 X36.8821 Y12.6799 F300.000
G1 X36.9142 Y12.7019 F300.000
G1 X36.9458 Y12.7247 F300.000
G1 X36.9768 Y12.7483 F300.000
G1 X37.0072 Y12.7727 F300.000
G1 X37.0371 Y12.7978 F300.000
G1 X37.0662 Y12.8236 F300.000
G1 X37.0948 Y12.8501 F300.000
G1 X37.1227 Y12.8773 F300.000
G1 X37.1499 Y12.9052 F300.000
G1 X37.1764 Y12.9338 F300.000
G1 X37.2022 Y12.9629 F300.000
G1 X37.2273 Y12.9928 F300.000
G1 X37.2517 Y13.0232 F300.000
G1 X37.2753 Y13.0542 F300.000
G1 X37.2981 Y13.0858 F300.000
G1 X37.3201 Y13.1179 F300.000
G1 X37.3414 Y13.1506 F300.000
G1 X37.3618 Y13.1837 F300.000
G1 X37.3815 Y13.2174 F300.000
G1 X37.4002 Y13.2516 F300.000
G1 X37.4182 Y13.2861 F300.000
G1 X37.4353 Y13.3212 F300.000
G1 X37.4515 Y13.3566 F300.000
G1 X37.4669 Y13.3924 F300.000
G1 X37.4813 Y13.4286 F300.000
G1 X37.4949 Y13.4651 F300.000
G1 X37.5076 Y13.5020 F300.000
G1 X37.5194 Y13.5391 F300.000
G1 X37.5302 Y13.5765 F300.000
G1 X37.5401 Y13.6142 F300.000
G1 X37.5491 Y13.6521 F300.000
G1 X37.5572 Y13.6903 F300.000
G1 X37.5643 Y13.7286 F300.000
G1 X37.5705 Y13.7670 F300.000
G1 X37.5758 Y13.8056 F300.000
G1 X37.5801 Y13.8444 F300.000
G1 X37.5834 Y13.8832 F300.000
G1 X37.5858 Y13.9221 F300.000
G1 X37.5872 Y13.9610 F300.000
G1 X37.5877 Y14.0000 F300.000
G1 X37.5877 Y26.0000 F300.000
G1 X37.5872 Y26.0390 F300.000
G1 X37.5858 Y26.0779 F300.000
G1 X37.5834 Y26.1168 F300.000
G1 X37.5801 Y26.1556 F300.000
G1 X37.5758 Y26.1944 F300.000
G1 X37.5705 Y26.2330 F300.000
G1 X37.5643 Y26.2714 F300.000
G1 X37.5572 Y26.3097 F300.000
G1 X37.5491 Y26.3479 F300.000
G1 X37.5401 Y26.3858 F300.000
G1 X37.5302 Y26.4235 F300.000
G1 X37.5194 Y26.4609 F300.000
G1 X37.5076 Y26.4980 F300.000
G1 X37.4949 Y26.5349 F300.000
G1 X37.4813 Y26.5714 F300.000
G1 X37.4669 Y26.6076 F300.000
G1 X37.4515 Y26.6434 F300.000
G1 X37.4353 Y26.6788 F300.000
G1 X37.4182 Y26.7139 F300.000
G1 X37.4002 Y26.7484 F300.000
G1 X37.3815 Y26.7826 F300.000
G1 X37.3618 Y26.8163 F300.000
G1 X37.3414 Y26.8494 F300.000
G1 X37.3201 Y26.8821 F300.000
G1 X37.2981 Y26.9142 F300.000
G1 X37.2753 Y26.9458 F300.000
G1 X37.2517 Y26.9768 F300.000
G1 X37.2273 Y27.0072 F300.000
G1 X37.2022 Y27.0371 F300.000
G1 X37.1764 Y27.0662 F300.000
G1 X37.1499 Y27.0948 F300.000
G1 X37.1227 Y27.1227 F300.000
G1 X37.0948 Y27.1499 F300.000
G1 X37.0662 Y27.1764 F300.000
G1 X37.0371 Y27.2022 F300.000
G1 X37.0072 Y27.2273 F300.000
G1 X36.9768 Y27.2517 F300.000
G1 X36.9458 Y27.2753 F300.000
G1 X36.9142 Y27.2981 F300.000
G1 X36.8821 Y27.3201 F300.000
G1 X36.8494 Y27.3414 F300.000
G1 X36.8163 Y27.3618 F300.000
G1 X36.7826 Y27.3815 F300.000
G1 X36.7484 Y27.4002 F300.000
G1 X36.7139 Y27.4182 F300.000
G1 X36.6788 Y27.4353 F300.000
G1 X36.6434 Y27.4515 F300.000
G1 X36.6076 Y27.4669 F300.000
G1 X36.5714 Y27.4813 F300.000
G1 X36.5349 Y27.4949 F300.000
G1 X36.4980 Y27.5076 F300.000
G1 X36.4609 Y27.5194 F300.000
G1 X36.4235 Y27.5302 F300.000
G1 X36.3858 Y27.5401 F300.000
G1 X36.3479 Y27.5491 F300.000
G1 X36.3097 Y27.5572 F300.000
G1 X36.2714 Y27.5643 F300.000
G1 X36.2330 Y27.5705 F300.000
G1 X36.1944 Y27.5758 F300.000
G1 X36.1556 Y27.5801 F300.000
G1 X36.1168 Y27.5834 F300.000
G1 X36.0779 Y27.5858 F300.000
G1 X36.0390 Y27.5872 F300.000
G1 X36.0000 Y27.5877 F300.000
G1 X24.0000 Y27.5877 F300.000
G1 X23.9610 Y27.5872 F300.000
G1 X23.9221 Y27.5858 F300.000
G1 X23.8832 Y27.5834 F300.000
G1 X23.8444 Y27.5801 F300.000
G1 X23.8056 Y27.5758 F300.000
G1 X23.7670 Y27.5705 F300.000
G1 X23.7286 Y27.5643 F300.000
G1 X23.6903 Y27.5572 F300.000
G1 X23.6521 Y27.5491 F300.000
G1 X23.6142 Y27.5401 F300.000
G1 X23.5765 Y27.5302 F300.000
G1 X23.5391 Y27.5194 F300.000
G1 X23.5020 Y27.5076 F300.000
G1 X23.4651 Y27.4949 F300.000
G1 X23.4286 Y27.4813 F300.000
G1 X23.3924 Y27.4669 F300.000
G1 X23.3566 Y27.4515 F300.000
G1 X23.3212 Y27.4353 F300.000
G1 X23.2861 Y27.4182 F300.000
G1 X23.2516 Y27.4002 F300.000
G1 X23.2174 Y27.3815 F300.000
G1 X23.1837 Y27.3618 F300.000
G1 X23.1506 Y27.3414 F300.000
G1 X23.1179 Y27.3201 F300.000
G1 X23.0858 Y27.2981 F300.000
G1 X23.0542 Y27.2753 F300.000
G1 X23.0232 Y27.2517 F300.000
G1 X22.9928 Y27.2273 F300.000
G1 X22.9629 Y27.2022 F300.000
G1 X22.9338 Y27.1764 F300.000
G1 X22.9052 Y27.1499 F300.000
G1 X22.8773 Y27.1227 F300.000
G1 X22.8501 Y27.0948 F300.000
G1 X22.8236 Y27.0662 F300.000
G1 X22.7978 Y27.0371 F300.000
G1 X22.7727 Y27.0072 F300.000
G1 X22.7483 Y26.9768 F300.000
G1 X22.7247 Y26.9458 F300.000
G1 X22.7019 Y26.9142 F300.000
G1 X22.6799 Y26.8821 F300.000
G1 X22.6586 Y26.8494 F300.000
G1 X22.6382 Y26.8163 F300.000
G1 X22.6185 Y26.7826 F300.000
G1 X22.5998 Y26.7484 F300.000
G1 X22.5818 Y26.7139 F300.000
G1 X22.5647 Y26.6788 F300.000
G1 X22.5485 Y26.6434 F300.000
G1 X22.5331 Y26.6076 F300.000
G1 X22.5187 Y26.5714 F300.000
G1 X22.5051 Y26.5349 F300.000
G1 X22.4924 Y26.4980 F300.000
G1 X22.4806 Y26.4609 F300.000
G1 X22.4698 Y26.4235 F300.000
G1 X22.4599 Y26.3858 F300.000
G1 X22.4509 Y26.3479 F300.000
G1 X22.4428 Y26.3097 F300.000
G1 X22.4357 Y26.2714 F300.000
G1 X22.4295 Y26.2330 F300.000
G1 X22.4242 Y26.1944 F300.000
G1 X22.4199 Y26.1556 F300.000
G1 X22.4166 Y26.1168 F300.000
G1 X22.4142 Y26.0779 F300.000
G1 X22.4128 Y26.0390 F300.000
G1 X22.4123 Y26.0000 F300.000
G1 X22.4123 Y14.0000 F300.000
G0 Z5.0000
G0 X10.8577 Y10.8577
G1 Z-1.0000 F80.000
G1 X10.8577 Y29.1423 F300.000
G1 X49.1423 Y29.1423 F300.000
G1 X49.1423 Y10.8577 F300.000
G1 X10.8577 Y10.8577 F300.000
G0 Z5.0000
G0 X21.1423 Y14.0000
G1 Z-1.0000 F80.000
G1 X21.1431 Y13.9299 F300.000
G1 X21.1457 Y13.8598 F300.000
G1 X21.1500 Y13.7898 F300.000
G1 X21.1560 Y13.7199 F300.000
G1 X21.1638 Y13.6502 F300.000
G1 X21.1732 Y13.5807 F300.000
G1 X21.1844 Y13.5114 F300.000
G1 X21.1972 Y13.4425 F300.000
G1 X21.2117 Y13.3739 F300.000
G1 X21.2279 Y13.3056 F300.000
G1 X21.2458 Y13.2378 F300.000
G1 X21.2653 Y13.1704 F300.000
G1 X21.2865 Y13.1036 F300.000
G1 X21.3093 Y13.0373 F300.000
G1 X21.3338 Y12.9715 F300.000
G1 X21.3598 Y12.9064 F300.000
G1 X21.3874 Y12.8419 F300.000
G1 X21.4167 Y12.7782 F300.000
G1 X21.4474 Y12.7151 F300.000
G1 X21.4797 Y12.6529 F300.000
G1 X21.5135 Y12.5914 F300.000
G1 X21.5489 Y12.5308 F300.000
G1 X21.5856 Y12.4711 F300.000
G1 X21.6239 Y12.4123 F300.000
G1 X21.6636 Y12.3545 F300.000
G1 X21.7047 Y12.2977 F300.000
G1 X21.7471 Y12.2418 F300.000
G1 X21.7910 Y12.1871 F300.000
G1 X21.8361 Y12.1334 F300.000
G1 X21.8826 Y12.0809 F300.000
G1 X21.9303 Y12.0295 F300.000
G1 X21.9793 Y11.9793 F300.000
G1 X22.0295 Y11.9303 F300.000
G1 X22.0809 Y11.8826 F300.000
G1 X22.1334 Y11.8361 F300.000
G1 X22.1871 Y11.7910 F300.000
G1 X22.2418 Y11.7471 F300.000
G1 X22.2977 Y11.7047 F300.000
G1 X22.3545 Y11.6636 F300.000
G1 X22.4123 Y11.6239 F300.000
G1 X22.4711 Y11.5856 F300.000
G1 X22.5308 Y11.5489 F300.000
G1 X22.5914 Y11.5135 F300.000
G1 X22.6529 Y11.4797 F300.000
G1 X22.7151 Y11.4474 F300.000
G1 X22.7782 Y11.4167 F300.000
G1 X22.8419 Y11.3874 F300.000
G1 X22.9064 Y11.3598 F300.000
G1 X22.9715 Y11.3338 F300.000
G1 X23.0373 Y11.3093 F300.000
G1 X23.1036 Y11.2865 F300.000
G1 X23.1704 Y11.2653 F300.000
G1 X23.2378 Y11.2458 F300.000
G1 X23.3056 Y11.2279 F300.000
G1 X23.3739 Y11.2117 F300.000
G1 X23.4425 Y11.1972 F300.000
G1 X23.5114 Y11.1844 F300.000
G1 X23.5807 Y11.1732 F300.000
G1 X23.6502 Y11.1638 F300.000
G1 X23.7199 Y11.1560 F300.000
G1 X23.7898 Y11.1500 F300.000
G1 X23.8598 Y11.1457 F300.000
G1 X23.9299 Y11.1431 F300.000
G1 X24.0000 Y11.1423 F300.000
G1 X36.0000 Y11.1423 F300.000
G1 X36.0701 Y11.1431 F300.000
G1 X36.1402 Y11.1457 F300.000
G1 X36.2102 Y11.1500 F300.000
G1 X36.2801 Y11.1560 F300.000
G1 X36.3498 Y11.1638 F300.000
G1 X36.4193 Y11.1732 F300.000
G1 X36.4886 Y11.1844 F300.000
G1 X36.5575 Y11.1972 F300.000
G1 X36.6261 Y11.2117 F300.000
G1 X36.6944 Y11.2279 F300.000
G1 X36.7622 Y11.2458 F300.000
G1 X36.8296 Y11.2653 F300.000
G1 X36.8964 Y11.2865 F300.000
G1 X36.9627 Y11.3093 F300.000
G1 X37.0285 Y11.3338 F300.000
G1 X37.0936 Y11.3598 F300.000
G1 X37.1581 Y11.3874 F300.000
G1 X37.2218 Y11.4167 F300.000
G1 X37.2849 Y11.4474 F300.000
G1 X37.3471 Y11.4797 F300.000
G1 X37.4086 Y11.5135 F300.000
G1 X37.4692 Y11.5489 F300.000
G1 X37.5289 Y11.5856 F300.000
G1 X37.5877 Y11.6239 F300.000
G1 X37.6455 Y11.6636 F300.000
G1 X37.7023 Y11.7047 F300.000
G1 X37.7582 Y11.7471 F300.000
G1 X37.8129 Y11.7910 F300.000
G1 X37.8666 Y11.8361 F300.000
G1 X37.9191 Y11.8826 F300.000
G1 X37.9705 Y11.9303 F300.000
G1 X38.0207 Y11.9793 F300.000
G1 X38.0697 Y12.0295 F300.000
G1 X38.1174 Y12.0809 F300.000
G1 X38.1639 Y12.1334 F300.000
G1 X38.2090 Y12.1871 F300.000
G1 X38.2529 Y12.2418 F300.000
G1 X38.2953 Y12.2977 F300.000
G1 X38.3364 Y12.3545 F300.000
G1 X38.3761 Y12.4123 F300.000
G1 X38.4144 Y12.4711 F300.000
G1 X38.4511 Y12.5308 F300.000
G1 X38.4865 Y12.5914 F300.000
G1 X38.5203 Y12.6529 F300.000
G1 X38.5526 Y12.7151 F300.000
G1 X38.5833 Y12.7782 F300.000
G1 X38.6126 Y12.8419 F300.000
G1 X38.6402 Y12.9064 F300.000
G1 X38.6662 Y12.9715 F300.000
G1 X38.6907 Y13.0373 F300.000
G1 X38.7135 Y13.1036 F300.000
G1 X38.7347 Y13.1704 F300.000
G1 X38.7542 Y13.2378 F300.000
G1 X38.7721 Y13.3056 F300.000
G1 X38.7883 Y13.3739 F300.000
G1 X38.8028 Y13.4425 F300.000
G1 X38.8156 Y13.5114 F300.000
G1 X38.8268 Y13.5807 F300.000
G1 X38.8362 Y13.6502 F300.000
G1 X38.8440 Y13.7199 F300.000
G1 X38.8500 Y13.7898 F300.000
G1 X38.8543 Y13.8598 F300.000
G1 X38.8569 Y13.9299 F300.000
G1 X38.8577 Y14.0000 F300.000
G1 X38.8577 Y26.0000 F300.000
G1 X38.8569 Y26.0701 F300.000
G1 X38.8543 Y26.1402 F300.000
G1 X38.8500 Y26.2102 F300.000
G1 X38.8440 Y26.2801 F300.000
G1 X38.8362 Y26.3498 F300.000
G1 X38.8268 Y26.4193 F300.000
G1 X38.8156 Y26.4886 F300.000
G1 X38.8028 Y26.5575 F300.000
G1 X38.7883 Y26.6261 F300.000
G1 X38.7721 Y26.6944 F300.000
G1 X38.7542 Y26.7622 F300.000
G1 X38.7347 Y26.8296 F300.000
G1 X38.7135 Y26.8964 F300.000
G1 X38.6907 Y26.9627 F300.000
G1 X38.6662 Y27.0285 F300.000
G1 X38.6402 Y27.0936 F300.000
G1 X38.6126 Y27.1581 F300.000
G1 X38.5833 Y27.2218 F300.000
G1 X38.5526 Y27.2849 F300.000
G1 X38.5203 Y27.3471 F300.000
G1 X38.4865 Y27.4086 F300.000
G1 X38.4511 Y27.4692 F300.000
G1 X38.4144 Y27.5289 F300.000
G1 X38.3761 Y27.5877 F300.000
G1 X38.3364 Y27.6455 F300.000
G1 X38.2953 Y27.7023 F300.000
G1 X38.2529 Y27.7582 F300.000
G1 X38.2090 Y27.8129 F300.000
G1 X38.1639 Y27.8666 F300.000
G1 X38.1174 Y27.9191 F300.000
G1 X38.0697 Y27.9705 F300.000
G1 X38.0207 Y28.0207 F300.000
G1 X37.9705 Y28.0697 F300.000
G1 X37.9191 Y28.1174 F300.000
G1 X37.8666 Y28.1639 F300.000
G1 X37.8129 Y28.2090 F300.000
G1 X37.7582 Y28.2529 F300.000
G1 X37.7023 Y28.2953 F300.000
G1 X37.6455 Y28.3364 F300.000
G1 X37.5877 Y28.3761 F300.000
G1 X37.5289 Y28.4144 F300.000
G1 X37.4692 Y28.4511 F300.000
G1 X37.4086 Y28.4865 F300.000
G1 X37.3471 Y28.5203 F300.000
G1 X37.2849 Y28.5526 F300.000
G1 X37.2218 Y28.5833 F300.000
G1 X37.1581 Y28.6126 F300.000
G1 X37.0936 Y28.6402 F300.000
G1 X37.0285 Y28.6662 F300.000
G1 X36.9627 Y28.6907 F300.000
G1 X36.8964 Y28.7135 F300.000
G1 X36.8296 Y28.7347 F300.000
G1 X36.7622 Y28.7542 F300.000
G1 X36.6944 Y28.7721 F300.000
G1 X36.6261 Y28.7883 F300.000
G1 X36.5575 Y28.8028 F300.000
G1 X36.4886 Y28.8156 F300.000
G1 X36.4193 Y28.8268 F300.000
G1 X36.3498 Y28.8362 F300.000
G1 X36.2801 Y28.8440 F300.000
G1 X36.2102 Y28.8500 F300.000
G1 X36.1402 Y28.8543 F300.000
G1 X36.0701 Y28.8569 F300.000
G1 X36.0000 Y28.8577 F300.000
G1 X24.0000 Y28.8577 F300.000
G1 X23.9299 Y28.8569 F300.000
G1 X23.8598 Y28.8543 F300.000
G1 X23.7898 Y28.8500 F300.000
G1 X23.7199 Y28.8440 F300.000
G1 X23.6502 Y28.8362 F300.000
G1 X23.5807 Y28.8268 F300.000
G1 X23.5114 Y28.8156 F300.000
G1 X23.4425 Y28.8028 F300.000
G1 X23.3739 Y28.7883 F300.000
G1 X23.3056 Y28.7721 F300.000
G1 X23.2378 Y28.7542 F300.000
G1 X23.1704 Y28.7347 F300.000
G1 X23.1036 Y28.7135 F300.000
G1 X23.0373 Y28.6907 F300.000
G1 X22.9715 Y28.6662 F300.000
G1 X22.9064 Y28.6402 F300.000
G1 X22.8419 Y28.6126 F300.000
G1 X22.7782 Y28.5833 F300.000
G1 X22.7151 Y28.5526 F300.000
G1 X22.6529 Y28.5203 F300.000
G1 X22.5914 Y28.4865 F300.000
G1 X22.5308 Y28.4511 F300.000
G1 X22.4711 Y28.4144 F300.000
G1 X22.4123 Y28.3761 F300.000
G1 X22.3545 Y28.3364 F300.000
G1 X22.2977 Y28.2953 F300.000
G1 X22.2418 Y28.2529 F300.000
G1 X22.1871 Y28.2090 F300.000
G1 X22.1334 Y28.1639 F300.000
G1 X22.0809 Y28.1174 F300.000
G1 X22.0295 Y28.0697 F300.000
G1 X21.9793 Y28.0207 F300.000
G1 X21.9303 Y27.9705 F300.000
G1 X21.8826 Y27.9191 F300.000
G1 X21.8361 Y27.8666 F300.000
G1 X21.7910 Y27.8129 F300.000
G1 X21.7471 Y27.7582 F300.000
G1 X21.7047 Y27.7023 F300.000
G1 X21.6636 Y27.6455 F300.000
G1 X21.6239 Y27.5877 F300.000
G1 X21.5856 Y27.5289 F300.000
G1 X21.5489 Y27.4692 F300.000
G1 X21.5135 Y27.4086 F300.000
G1 X21.4797 Y27.3471 F300.000
G1 X21.4474 Y27.2849 F300.000
G1 X21.4167 Y27.2218 F300.000
G1 X21.3874 Y27.1581 F300.000
G1 X21.3598 Y27.0936 F300.000
G1 X21.3338 Y27.0285 F300.000
G1 X21.3093 Y26.9627 F300.000
G1 X21.2865 Y26.8964 F300.000
G1 X21.2653 Y26.8296 F300.000
G1 X21.2458 Y26.7622 F300.000
G1 X21.2279 Y26.6944 F300.000
G1 X21.2117 Y26.6261 F300.000
G1 X21.1972 Y26.5575 F300.000
G1 X21.1844 Y26.4886 F300.000
G1 X21.1732 Y26.4193 F300.000
G1 X21.1638 Y26.3498 F300.000
G1 X21.1560 Y26.2801 F300.000
G1 X21.1500 Y26.2102 F300.000
G1 X21.1457 Y26.1402 F300.000
G1 X21.1431 Y26.0701 F300.000
G1 X21.1423 Y26.0000 F300.000
G1 X21.1423 Y14.0000 F300.000
G0 Z5.0000
G0 X12.1277 Y12.1277
G1 Z-1.0000 F80.000
G1 X12.1277 Y27.8723 F300.000
G1 X20.3215 Y27.8723 F300.000
G1 X20.3130 Y27.8559 F300.000
G1 X20.2686 Y27.7648 F300.000
G1 X20.2264 Y27.6727 F300.000
G1 X20.1865 Y27.5796 F300.000
G1 X20.1489 Y27.4855 F300.000
G1 X20.1136 Y27.3906 F300.000
G1 X20.0806 Y27.2948 F300.000
G1 X20.0500 Y27.1982 F300.000
G1 X20.0218 Y27.1009 F300.000
G1 X19.9960 Y27.0030 F300.000
G1 X19.9726 Y26.9044 F300.000
G1 X19.9516 Y26.8053 F300.000
G1 X19.9331 Y26.7057 F300.000
G1 X19.9170 Y26.6057 F300.000
G1 X19.9033 Y26.5053 F300.000
G1 X19.8922 Y26.4046 F300.000
G1 X19.8835 Y26.3037 F300.000
G1 X19.8773 Y26.2025 F300.000
G1 X19.8735 Y26.1013 F300.000
G1 X19.8723 Y26.0000 F300.000
G1 X19.8723 Y14.0000 F300.000
G1 X19.8735 Y13.8987 F300.000
G1 X19.8773 Y13.7975 F300.000
G1 X19.8835 Y13.6963 F300.000
G1 X19.8922 Y13.5954 F300.000
G1 X19.9033 Y13.4947 F300.000
G1 X19.9170 Y13.3943 F300.000
G1 X19.9331 Y13.2943 F300.000
G1 X19.9516 Y13.1947 F300.000
G1 X19.9726 Y13.0956 F300.000
G1 X19.9960 Y12.9970 F300.000
G1 X20.0218 Y12.8991 F300.000
G1 X20.0500 Y12.8018 F300.000
G1 X20.0806 Y12.7052 F300.000
G1 X20.1136 Y12.6094 F300.000
G1 X20.1489 Y12.5145 F300.000
G1 X20.1865 Y12.4204 F300.000
G1 X20.2264 Y12.3273 F300.000
G1 X20.2686 Y12.2352 F300.000
G1 X20.3130 Y12.1441 F300.000
G1 X20.3215 Y12.1277 F300.000
G1 X12.1277 Y12.1277 F300.000
G0 Z5.0000
G0 X39.6785 Y12.1277
G1 Z-1.0000 F80.000
G1 X39.6870 Y12.1441 F300.000
G1 X39.7314 Y12.2352 F300.000
G1 X39.7736 Y12.3273 F300.000
G1 X39.8135 Y12.4204 F300.000
G1 X39.8511 Y12.5145 F300.000
G1 X39.8864 Y12.6094 F300.000
G1 X39.9194 Y12.7052 F300.000
G1 X39.9500 Y12.8018 F300.000
G1 X39.9782 Y12.8991 F300.000
G1 X40.0040 Y12.9970 F300.000
G1 X40.0274 Y13.0956 F300.000
G1 X40.0484 Y13.1947 F300.000
G1 X40.0669 Y13.2943 F300.000
G1 X40.0830 Y13.3943 F300.000
G1 X40.0967 Y13.4947 F300.000
G1 X40.1078 Y13.5954 F300.000
G1 X40.1165 Y13.6963 F300.000
G1 X40.1227 Y13.7975 F300.000
G1 X40.1265 Y13.8987 F300.000
G1 X40.1277 Y14.0000 F300.000
G1 X40.1277 Y26.0000 F300.000
G1 X40.1265 Y26.1013 F300.000
G1 X40.1227 Y26.2025 F300.000
G1 X40.1165 Y26.3037 F300.000
G1 X40.1078 Y26.4046 F300.000
G1 X40.0967 Y26.5053 F300.000
G1 X40.0830 Y26.6057 F300.000
G1 X40.0669 Y26.7057 F300.000
G1 X40.0484 Y26.8053 F300.000
G1 X40.0274 Y26.9044 F300.000
G1 X40.0040 Y27.0030 F300.000
G1 X39.9782 Y27.1009 F300.000
G1 X39.9500 Y27.1982 F300.000
G1 X39.9194 Y27.2948 F300.000
G1 X39.8864 Y27.3906 F300.000
G1 X39.8511 Y27.4855 F300.000
G1 X39.8135 Y27.5796 F300.000
G1 X39.7736 Y27.6727 F300.000
G1 X39.7314 Y27.7648 F300.000
G1 X39.6870 Y27.8559 F300.000
G1 X39.6785 Y27.8723 F300.000
G1 X47.8723 Y27.8723 F300.000
G1 X47.8723 Y12.1277 F300.000
G1 X39.6785 Y12.1277 F300.000
G0 Z5.0000
G0 X13.3977 Y13.3977
G1 Z-1.0000 F80.000
G1 X13.3977 Y26.6023 F300.000
G1 X18.6364 Y26.6023 F300.000
G1 X18.6283 Y26.5291 F300.000
G1 X18.6169 Y26.3971 F300.000
G1 X18.6088 Y26.2649 F300.000
G1 X18.6039 Y26.1325 F300.000
G1 X18.6023 Y26.0000 F300.000
G1 X18.6023 Y14.0000 F300.000
G1 X18.6039 Y13.8675 F300.000
G1 X18.6088 Y13.7351 F300.000
G1 X18.6169 Y13.6029 F300.000
G1 X18.6283 Y13.4709 F300.000
G1 X18.6364 Y13.3977 F300.000
G1 X13.3977 Y13.3977 F300.000
G0 Z5.0000
G0 X41.3636 Y13.3977
G1 Z-1.0000 F80.000
G1 X41.3717 Y13.4709 F300.000
G1 X41.3831 Y13.6029 F300.000
G1 X41.3912 Y13.7351 F300.000
G1 X41.3961 Y13.8675 F300.000
G1 X41.3977 Y14.0000 F300.000
G1 X41.3977 Y26.0000 F300.000
G1 X41.3961 Y26.1325 F300.000
G1 X41.3912 Y26.2649 F300.000
G1 X41.3831 Y26.3971 F300.000
G1 X41.3717 Y26.5291 F300.000
G1 X41.3636 Y26.6023 F300.000
G1 X46.6023 Y26.6023 F300.000
G1 X46.6023 Y13.3977 F300.000
G1 X41.3636 Y13.3977 F300.000
G0 Z5.0000
G0 X14.6677 Y14.6677
G1 Z-1.0000 F80.000
G1 X14.6677 Y25.3323 F300.000
G1 X17.3323 Y25.3323 F300.000
G1 X17.3323 Y14.6677 F300.000
G1 X14.6677 Y14.6677 F300.000
G0 Z5.0000
G0 X42.6677 Y14.6677
G1 Z-1.0000 F80.000
G1 X42.6677 Y25.3323 F300.000
G1 X45.3323 Y25.3323 F300.000
G1 X45.3323 Y14.6677 F300.000
G1 X42.6677 Y14.6677 F300.000
G0 Z5.0000
G0 X15.9377 Y15.9377
G1 Z-1.0000 F80.000
G1 X15.9377 Y24.0623 F300.000
G1 X16.0623 Y24.0623 F300.000
G1 X16.0623 Y15.9377 F300.000
G1 X15.9377 Y15.9377 F300.000
G0 Z5.0000
G0 X43.9377 Y15.9377
G1 Z-1.0000 F80.000
G1 X43.9377 Y24.0623 F300.000
G1 X44.0623 Y24.0623 F300.000
G1 X44.0623 Y15.9377 F300.000
G1 X43.9377 Y15.9377 F300.000
G0 Z5.0000
(Operation 3: Outside profile; depth 2.0000 mm)
G0 X-1.5877 Y0.0000
G1 Z-0.5000 F80.000
G1 X-1.5877 Y40.0000 F300.000
G1 X-1.5872 Y40.0390 F300.000
G1 X-1.5858 Y40.0779 F300.000
G1 X-1.5834 Y40.1168 F300.000
G1 X-1.5801 Y40.1556 F300.000
G1 X-1.5758 Y40.1944 F300.000
G1 X-1.5705 Y40.2330 F300.000
G1 X-1.5643 Y40.2714 F300.000
G1 X-1.5572 Y40.3097 F300.000
G1 X-1.5491 Y40.3479 F300.000
G1 X-1.5401 Y40.3858 F300.000
G1 X-1.5302 Y40.4235 F300.000
G1 X-1.5194 Y40.4609 F300.000
G1 X-1.5076 Y40.4980 F300.000
G1 X-1.4949 Y40.5349 F300.000
G1 X-1.4813 Y40.5714 F300.000
G1 X-1.4669 Y40.6076 F300.000
G1 X-1.4515 Y40.6434 F300.000
G1 X-1.4353 Y40.6788 F300.000
G1 X-1.4182 Y40.7139 F300.000
G1 X-1.4002 Y40.7484 F300.000
G1 X-1.3815 Y40.7826 F300.000
G1 X-1.3618 Y40.8163 F300.000
G1 X-1.3414 Y40.8494 F300.000
G1 X-1.3201 Y40.8821 F300.000
G1 X-1.2981 Y40.9142 F300.000
G1 X-1.2753 Y40.9458 F300.000
G1 X-1.2517 Y40.9768 F300.000
G1 X-1.2273 Y41.0072 F300.000
G1 X-1.2022 Y41.0371 F300.000
G1 X-1.1764 Y41.0662 F300.000
G1 X-1.1499 Y41.0948 F300.000
G1 X-1.1227 Y41.1227 F300.000
G1 X-1.0948 Y41.1499 F300.000
G1 X-1.0662 Y41.1764 F300.000
G1 X-1.0371 Y41.2022 F300.000
G1 X-1.0072 Y41.2273 F300.000
G1 X-0.9768 Y41.2517 F300.000
G1 X-0.9458 Y41.2753 F300.000
G1 X-0.9142 Y41.2981 F300.000
G1 X-0.8821 Y41.3201 F300.000
G1 X-0.8494 Y41.3414 F300.000
G1 X-0.8163 Y41.3618 F300.000
G1 X-0.7826 Y41.3815 F300.000
G1 X-0.7484 Y41.4002 F300.000
G1 X-0.7139 Y41.4182 F300.000
G1 X-0.6788 Y41.4353 F300.000
G1 X-0.6434 Y41.4515 F300.000
G1 X-0.6076 Y41.4669 F300.000
G1 X-0.5714 Y41.4813 F300.000
G1 X-0.5349 Y41.4949 F300.000
G1 X-0.4980 Y41.5076 F300.000
G1 X-0.4609 Y41.5194 F300.000
G1 X-0.4235 Y41.5302 F300.000
G1 X-0.3858 Y41.5401 F300.000
G1 X-0.3479 Y41.5491 F300.000
G1 X-0.3097 Y41.5572 F300.000
G1 X-0.2714 Y41.5643 F300.000
G1 X-0.2330 Y41.5705 F300.000
G1 X-0.1944 Y41.5758 F300.000
G1 X-0.1556 Y41.5801 F300.000
G1 X-0.1168 Y41.5834 F300.000
G1 X-0.0779 Y41.5858 F300.000
G1 X-0.0390 Y41.5872 F300.000
G1 X0.0000 Y41.5877 F300.000
G1 X60.0000 Y41.5877 F300.000
G1 X60.0390 Y41.5872 F300.000
G1 X60.0779 Y41.5858 F300.000
G1 X60.1168 Y41.5834 F300.000
G1 X60.1556 Y41.5801 F300.000
G1 X60.1944 Y41.5758 F300.000
G1 X60.2330 Y41.5705 F300.000
G1 X60.2714 Y41.5643 F300.000
G1 X60.3097 Y41.5572 F300.000
G1 X60.3479 Y41.5491 F300.000
G1 X60.3858 Y41.5401 F300.000
G1 X60.4235 Y41.5302 F300.000
G1 X60.4609 Y41.5194 F300.000
G1 X60.4980 Y41.5076 F300.000
G1 X60.5349 Y41.4949 F300.000
G1 X60.5714 Y41.4813 F300.000
G1 X60.6076 Y41.4669 F300.000
G1 X60.6434 Y41.4515 F300.000
G1 X60.6788 Y41.4353 F300.000
G1 X60.7139 Y41.4182 F300.000
G1 X60.7484 Y41.4002 F300.000
G1 X60.7826 Y41.3815 F300.000
G1 X60.8163 Y41.3618 F300.000
G1 X60.8494 Y41.3414 F300.000
G1 X60.8821 Y41.3201 F300.000
G1 X60.9142 Y41.2981 F300.000
G1 X60.9458 Y41.2753 F300.000
G1 X60.9768 Y41.2517 F300.000
G1 X61.0072 Y41.2273 F300.000
G1 X61.0371 Y41.2022 F300.000
G1 X61.0662 Y41.1764 F300.000
G1 X61.0948 Y41.1499 F300.000
G1 X61.1227 Y41.1227 F300.000
G1 X61.1499 Y41.0948 F300.000
G1 X61.1764 Y41.0662 F300.000
G1 X61.2022 Y41.0371 F300.000
G1 X61.2273 Y41.0072 F300.000
G1 X61.2517 Y40.9768 F300.000
G1 X61.2753 Y40.9458 F300.000
G1 X61.2981 Y40.9142 F300.000
G1 X61.3201 Y40.8821 F300.000
G1 X61.3414 Y40.8494 F300.000
G1 X61.3618 Y40.8163 F300.000
G1 X61.3815 Y40.7826 F300.000
G1 X61.4002 Y40.7484 F300.000
G1 X61.4182 Y40.7139 F300.000
G1 X61.4353 Y40.6788 F300.000
G1 X61.4515 Y40.6434 F300.000
G1 X61.4669 Y40.6076 F300.000
G1 X61.4813 Y40.5714 F300.000
G1 X61.4949 Y40.5349 F300.000
G1 X61.5076 Y40.4980 F300.000
G1 X61.5194 Y40.4609 F300.000
G1 X61.5302 Y40.4235 F300.000
G1 X61.5401 Y40.3858 F300.000
G1 X61.5491 Y40.3479 F300.000
G1 X61.5572 Y40.3097 F300.000
G1 X61.5643 Y40.2714 F300.000
G1 X61.5705 Y40.2330 F300.000
G1 X61.5758 Y40.1944 F300.000
G1 X61.5801 Y40.1556 F300.000
G1 X61.5834 Y40.1168 F300.000
G1 X61.5858 Y40.0779 F300.000
G1 X61.5872 Y40.0390 F300.000
G1 X61.5877 Y40.0000 F300.000
G1 X61.5877 Y0.0000 F300.000
G1 X61.5872 Y-0.0390 F300.000
G1 X61.5858 Y-0.0779 F300.000
G1 X61.5834 Y-0.1168 F300.000
G1 X61.5801 Y-0.1556 F300.000
G1 X61.5758 Y-0.1944 F300.000
G1 X61.5705 Y-0.2330 F300.000
G1 X61.5643 Y-0.2714 F300.000
G1 X61.5572 Y-0.3097 F300.000
G1 X61.5491 Y-0.3479 F300.000
G1 X61.5401 Y-0.3858 F300.000
G1 X61.5302 Y-0.4235 F300.000
G1 X61.5194 Y-0.4609 F300.000
G1 X61.5076 Y-0.4980 F300.000
G1 X61.4949 Y-0.5349 F300.000
G1 X61.4813 Y-0.5714 F300.000
G1 X61.4669 Y-0.6076 F300.000
G1 X61.4515 Y-0.6434 F300.000
G1 X61.4353 Y-0.6788 F300.000
G1 X61.4182 Y-0.7139 F300.000
G1 X61.4002 Y-0.7484 F300.000
G1 X61.3815 Y-0.7826 F300.000
G1 X61.3618 Y-0.8163 F300.000
G1 X61.3414 Y-0.8494 F300.000
G1 X61.3201 Y-0.8821 F300.000
G1 X61.2981 Y-0.9142 F300.000
G1 X61.2753 Y-0.9458 F300.000
G1 X61.2517 Y-0.9768 F300.000
G1 X61.2273 Y-1.0072 F300.000
G1 X61.2022 Y-1.0371 F300.000
G1 X61.1764 Y-1.0662 F300.000
G1 X61.1499 Y-1.0948 F300.000
G1 X61.1227 Y-1.1227 F300.000
G1 X61.0948 Y-1.1499 F300.000
G1 X61.0662 Y-1.1764 F300.000
G1 X61.0371 Y-1.2022 F300.000
G1 X61.0072 Y-1.2273 F300.000
G1 X60.9768 Y-1.2517 F300.000
G1 X60.9458 Y-1.2753 F300.000
G1 X60.9142 Y-1.2981 F300.000
G1 X60.8821 Y-1.3201 F300.000
G1 X60.8494 Y-1.3414 F300.000
G1 X60.8163 Y-1.3618 F300.000
G1 X60.7826 Y-1.3815 F300.000
G1 X60.7484 Y-1.4002 F300.000
G1 X60.7139 Y-1.4182 F300.000
G1 X60.6788 Y-1.4353 F300.000
G1 X60.6434 Y-1.4515 F300.000
G1 X60.6076 Y-1.4669 F300.000
G1 X60.5714 Y-1.4813 F300.000
G1 X60.5349 Y-1.4949 F300.000
G1 X60.4980 Y-1.5076 F300.000
G1 X60.4609 Y-1.5194 F300.000
G1 X60.4235 Y-1.5302 F300.000
G1 X60.3858 Y-1.5401 F300.000
G1 X60.3479 Y-1.5491 F300.000
G1 X60.3097 Y-1.5572 F300.000
G1 X60.2714 Y-1.5643 F300.000
G1 X60.2330 Y-1.5705 F300.000
G1 X60.1944 Y-1.5758 F300.000
G1 X60.1556 Y-1.5801 F300.000
G1 X60.1168 Y-1.5834 F300.000
G1 X60.0779 Y-1.5858 F300.000
G1 X60.0390 Y-1.5872 F300.000
G1 X60.0000 Y-1.5877 F300.000
G1 X0.0000 Y-1.5877 F300.000
G1 X-0.0390 Y-1.5872 F300.000
G1 X-0.0779 Y-1.5858 F300.000
G1 X-0.1168 Y-1.5834 F300.000
G1 X-0.1556 Y-1.5801 F300.000
G1 X-0.1944 Y-1.5758 F300.000
G1 X-0.2330 Y-1.5705 F300.000
G1 X-0.2714 Y-1.5643 F300.000
G1 X-0.3097 Y-1.5572 F300.000
G1 X-0.3479 Y-1.5491 F300.000
G1 X-0.3858 Y-1.5401 F300.000
G1 X-0.4235 Y-1.5302 F300.000
G1 X-0.4609 Y-1.5194 F300.000
G1 X-0.4980 Y-1.5076 F300.000
G1 X-0.5349 Y-1.4949 F300.000
G1 X-0.5714 Y-1.4813 F300.000
G1 X-0.6076 Y-1.4669 F300.000
G1 X-0.6434 Y-1.4515 F300.000
G1 X-0.6788 Y-1.4353 F300.000
G1 X-0.7139 Y-1.4182 F300.000
G1 X-0.7484 Y-1.4002 F300.000
G1 X-0.7826 Y-1.3815 F300.000
G1 X-0.8163 Y-1.3618 F300.000
G1 X-0.8494 Y-1.3414 F300.000
G1 X-0.8821 Y-1.3201 F300.000
G1 X-0.9142 Y-1.2981 F300.000
G1 X-0.9458 Y-1.2753 F300.000
G1 X-0.9768 Y-1.2517 F300.000
G1 X-1.0072 Y-1.2273 F300.000
G1 X-1.0371 Y-1.2022 F300.000
G1 X-1.0662 Y-1.1764 F300.000
G1 X-1.0948 Y-1.1499 F300.000
G1 X-1.1227 Y-1.1227 F300.000
G1 X-1.1499 Y-1.0948 F300.000
G1 X-1.1764 Y-1.0662 F300.000
G1 X-1.2022 Y-1.0371 F300.000
G1 X-1.2273 Y-1.0072 F300.000
G1 X-1.2517 Y-0.9768 F300.000
G1 X-1.2753 Y-0.9458 F300.000
G1 X-1.2981 Y-0.9142 F300.000
G1 X-1.3201 Y-0.8821 F300.000
G1 X-1.3414 Y-0.8494 F300.000
G1 X-1.3618 Y-0.8163 F300.000
G1 X-1.3815 Y-0.7826 F300.000
G1 X-1.4002 Y-0.7484 F300.000
G1 X-1.4182 Y-0.7139 F300.000
G1 X-1.4353 Y-0.6788 F300.000
G1 X-1.4515 Y-0.6434 F300.000
G1 X-1.4669 Y-0.6076 F300.000
G1 X-1.4813 Y-0.5714 F300.000
G1 X-1.4949 Y-0.5349 F300.000
G1 X-1.5076 Y-0.4980 F300.000
G1 X-1.5194 Y-0.4609 F300.000
G1 X-1.5302 Y-0.4235 F300.000
G1 X-1.5401 Y-0.3858 F300.000
G1 X-1.5491 Y-0.3479 F300.000
G1 X-1.5572 Y-0.3097 F300.000
G1 X-1.5643 Y-0.2714 F300.000
G1 X-1.5705 Y-0.2330 F300.000
G1 X-1.5758 Y-0.1944 F300.000
G1 X-1.5801 Y-0.1556 F300.000
G1 X-1.5834 Y-0.1168 F300.000
G1 X-1.5858 Y-0.0779 F300.000
G1 X-1.5872 Y-0.0390 F300.000
G1 X-1.5877 Y0.0000 F300.000
G0 Z5.0000
G0 X-1.5877 Y0.0000
G1 Z-1.0000 F80.000
G1 X-1.5877 Y40.0000 F300.000
G1 X-1.5872 Y40.0390 F300.000
G1 X-1.5858 Y40.0779 F300.000
G1 X-1.5834 Y40.1168 F300.000
G1 X-1.5801 Y40.1556 F300.000
G1 X-1.5758 Y40.1944 F300.000
G1 X-1.5705 Y40.2330 F300.000
G1 X-1.5643 Y40.2714 F300.000
G1 X-1.5572 Y40.3097 F300.000
G1 X-1.5491 Y40.3479 F300.000
G1 X-1.5401 Y40.3858 F300.000
G1 X-1.5302 Y40.4235 F300.000
G1 X-1.5194 Y40.4609 F300.000
G1 X-1.5076 Y40.4980 F300.000
G1 X-1.4949 Y40.5349 F300.000
G1 X-1.4813 Y40.5714 F300.000
G1 X-1.4669 Y40.6076 F300.000
G1 X-1.4515 Y40.6434 F300.000
G1 X-1.4353 Y40.6788 F300.000
G1 X-1.4182 Y40.7139 F300.000
G1 X-1.4002 Y40.7484 F300.000
G1 X-1.3815 Y40.7826 F300.000
G1 X-1.3618 Y40.8163 F300.000
G1 X-1.3414 Y40.8494 F300.000
G1 X-1.3201 Y40.8821 F300.000
G1 X-1.2981 Y40.9142 F300.000
G1 X-1.2753 Y40.9458 F300.000
G1 X-1.2517 Y40.9768 F300.000
G1 X-1.2273 Y41.0072 F300.000
G1 X-1.2022 Y41.0371 F300.000
G1 X-1.1764 Y41.0662 F300.000
G1 X-1.1499 Y41.0948 F300.000
G1 X-1.1227 Y41.1227 F300.000
G1 X-1.0948 Y41.1499 F300.000
G1 X-1.0662 Y41.1764 F300.000
G1 X-1.0371 Y41.2022 F300.000
G1 X-1.0072 Y41.2273 F300.000
G1 X-0.9768 Y41.2517 F300.000
G1 X-0.9458 Y41.2753 F300.000
G1 X-0.9142 Y41.2981 F300.000
G1 X-0.8821 Y41.3201 F300.000
G1 X-0.8494 Y41.3414 F300.000
G1 X-0.8163 Y41.3618 F300.000
G1 X-0.7826 Y41.3815 F300.000
G1 X-0.7484 Y41.4002 F300.000
G1 X-0.7139 Y41.4182 F300.000
G1 X-0.6788 Y41.4353 F300.000
G1 X-0.6434 Y41.4515 F300.000
G1 X-0.6076 Y41.4669 F300.000
G1 X-0.5714 Y41.4813 F300.000
G1 X-0.5349 Y41.4949 F300.000
G1 X-0.4980 Y41.5076 F300.000
G1 X-0.4609 Y41.5194 F300.000
G1 X-0.4235 Y41.5302 F300.000
G1 X-0.3858 Y41.5401 F300.000
G1 X-0.3479 Y41.5491 F300.000
G1 X-0.3097 Y41.5572 F300.000
G1 X-0.2714 Y41.5643 F300.000
G1 X-0.2330 Y41.5705 F300.000
G1 X-0.1944 Y41.5758 F300.000
G1 X-0.1556 Y41.5801 F300.000
G1 X-0.1168 Y41.5834 F300.000
G1 X-0.0779 Y41.5858 F300.000
G1 X-0.0390 Y41.5872 F300.000
G1 X0.0000 Y41.5877 F300.000
G1 X60.0000 Y41.5877 F300.000
G1 X60.0390 Y41.5872 F300.000
G1 X60.0779 Y41.5858 F300.000
G1 X60.1168 Y41.5834 F300.000
G1 X60.1556 Y41.5801 F300.000
G1 X60.1944 Y41.5758 F300.000
G1 X60.2330 Y41.5705 F300.000
G1 X60.2714 Y41.5643 F300.000
G1 X60.3097 Y41.5572 F300.000
G1 X60.3479 Y41.5491 F300.000
G1 X60.3858 Y41.5401 F300.000
G1 X60.4235 Y41.5302 F300.000
G1 X60.4609 Y41.5194 F300.000
G1 X60.4980 Y41.5076 F300.000
G1 X60.5349 Y41.4949 F300.000
G1 X60.5714 Y41.4813 F300.000
G1 X60.6076 Y41.4669 F300.000
G1 X60.6434 Y41.4515 F300.000
G1 X60.6788 Y41.4353 F300.000
G1 X60.7139 Y41.4182 F300.000
G1 X60.7484 Y41.4002 F300.000
G1 X60.7826 Y41.3815 F300.000
G1 X60.8163 Y41.3618 F300.000
G1 X60.8494 Y41.3414 F300.000
G1 X60.8821 Y41.3201 F300.000
G1 X60.9142 Y41.2981 F300.000
G1 X60.9458 Y41.2753 F300.000
G1 X60.9768 Y41.2517 F300.000
G1 X61.0072 Y41.2273 F300.000
G1 X61.0371 Y41.2022 F300.000
G1 X61.0662 Y41.1764 F300.000
G1 X61.0948 Y41.1499 F300.000
G1 X61.1227 Y41.1227 F300.000
G1 X61.1499 Y41.0948 F300.000
G1 X61.1764 Y41.0662 F300.000
G1 X61.2022 Y41.0371 F300.000
G1 X61.2273 Y41.0072 F300.000
G1 X61.2517 Y40.9768 F300.000
G1 X61.2753 Y40.9458 F300.000
G1 X61.2981 Y40.9142 F300.000
G1 X61.3201 Y40.8821 F300.000
G1 X61.3414 Y40.8494 F300.000
G1 X61.3618 Y40.8163 F300.000
G1 X61.3815 Y40.7826 F300.000
G1 X61.4002 Y40.7484 F300.000
G1 X61.4182 Y40.7139 F300.000
G1 X61.4353 Y40.6788 F300.000
G1 X61.4515 Y40.6434 F300.000
G1 X61.4669 Y40.6076 F300.000
G1 X61.4813 Y40.5714 F300.000
G1 X61.4949 Y40.5349 F300.000
G1 X61.5076 Y40.4980 F300.000
G1 X61.5194 Y40.4609 F300.000
G1 X61.5302 Y40.4235 F300.000
G1 X61.5401 Y40.3858 F300.000
G1 X61.5491 Y40.3479 F300.000
G1 X61.5572 Y40.3097 F300.000
G1 X61.5643 Y40.2714 F300.000
G1 X61.5705 Y40.2330 F300.000
G1 X61.5758 Y40.1944 F300.000
G1 X61.5801 Y40.1556 F300.000
G1 X61.5834 Y40.1168 F300.000
G1 X61.5858 Y40.0779 F300.000
G1 X61.5872 Y40.0390 F300.000
G1 X61.5877 Y40.0000 F300.000
G1 X61.5877 Y0.0000 F300.000
G1 X61.5872 Y-0.0390 F300.000
G1 X61.5858 Y-0.0779 F300.000
G1 X61.5834 Y-0.1168 F300.000
G1 X61.5801 Y-0.1556 F300.000
G1 X61.5758 Y-0.1944 F300.000
G1 X61.5705 Y-0.2330 F300.000
G1 X61.5643 Y-0.2714 F300.000
G1 X61.5572 Y-0.3097 F300.000
G1 X61.5491 Y-0.3479 F300.000
G1 X61.5401 Y-0.3858 F300.000
G1 X61.5302 Y-0.4235 F300.000
G1 X61.5194 Y-0.4609 F300.000
G1 X61.5076 Y-0.4980 F300.000
G1 X61.4949 Y-0.5349 F300.000
G1 X61.4813 Y-0.5714 F300.000
G1 X61.4669 Y-0.6076 F300.000
G1 X61.4515 Y-0.6434 F300.000
G1 X61.4353 Y-0.6788 F300.000
G1 X61.4182 Y-0.7139 F300.000
G1 X61.4002 Y-0.7484 F300.000
G1 X61.3815 Y-0.7826 F300.000
G1 X61.3618 Y-0.8163 F300.000
G1 X61.3414 Y-0.8494 F300.000
G1 X61.3201 Y-0.8821 F300.000
G1 X61.2981 Y-0.9142 F300.000
G1 X61.2753 Y-0.9458 F300.000
G1 X61.2517 Y-0.9768 F300.000
G1 X61.2273 Y-1.0072 F300.000
G1 X61.2022 Y-1.0371 F300.000
G1 X61.1764 Y-1.0662 F300.000
G1 X61.1499 Y-1.0948 F300.000
G1 X61.1227 Y-1.1227 F300.000
G1 X61.0948 Y-1.1499 F300.000
G1 X61.0662 Y-1.1764 F300.000
G1 X61.0371 Y-1.2022 F300.000
G1 X61.0072 Y-1.2273 F300.000
G1 X60.9768 Y-1.2517 F300.000
G1 X60.9458 Y-1.2753 F300.000
G1 X60.9142 Y-1.2981 F300.000
G1 X60.8821 Y-1.3201 F300.000
G1 X60.8494 Y-1.3414 F300.000
G1 X60.8163 Y-1.3618 F300.000
G1 X60.7826 Y-1.3815 F300.000
G1 X60.7484 Y-1.4002 F300.000
G1 X60.7139 Y-1.4182 F300.000
G1 X60.6788 Y-1.4353 F300.000
G1 X60.6434 Y-1.4515 F300.000
G1 X60.6076 Y-1.4669 F300.000
G1 X60.5714 Y-1.4813 F300.000
G1 X60.5349 Y-1.4949 F300.000
G1 X60.4980 Y-1.5076 F300.000
G1 X60.4609 Y-1.5194 F300.000
G1 X60.4235 Y-1.5302 F300.000
G1 X60.3858 Y-1.5401 F300.000
G1 X60.3479 Y-1.5491 F300.000
G1 X60.3097 Y-1.5572 F300.000
G1 X60.2714 Y-1.5643 F300.000
G1 X60.2330 Y-1.5705 F300.000
G1 X60.1944 Y-1.5758 F300.000
G1 X60.1556 Y-1.5801 F300.000
G1 X60.1168 Y-1.5834 F300.000
G1 X60.0779 Y-1.5858 F300.000
G1 X60.0390 Y-1.5872 F300.000
G1 X60.0000 Y-1.5877 F300.000
G1 X0.0000 Y-1.5877 F300.000
G1 X-0.0390 Y-1.5872 F300.000
G1 X-0.0779 Y-1.5858 F300.000
G1 X-0.1168 Y-1.5834 F300.000
G1 X-0.1556 Y-1.5801 F300.000
G1 X-0.1944 Y-1.5758 F300.000
G1 X-0.2330 Y-1.5705 F300.000
G1 X-0.2714 Y-1.5643 F300.000
G1 X-0.3097 Y-1.5572 F300.000
G1 X-0.3479 Y-1.5491 F300.000
G1 X-0.3858 Y-1.5401 F300.000
G1 X-0.4235 Y-1.5302 F300.000
G1 X-0.4609 Y-1.5194 F300.000
G1 X-0.4980 Y-1.5076 F300.000
G1 X-0.5349 Y-1.4949 F300.000
G1 X-0.5714 Y-1.4813 F300.000
G1 X-0.6076 Y-1.4669 F300.000
G1 X-0.6434 Y-1.4515 F300.000
G1 X-0.6788 Y-1.4353 F300.000
G1 X-0.7139 Y-1.4182 F300.000
G1 X-0.7484 Y-1.4002 F300.000
G1 X-0.7826 Y-1.3815 F300.000
G1 X-0.8163 Y-1.3618 F300.000
G1 X-0.8494 Y-1.3414 F300.000
G1 X-0.8821 Y-1.3201 F300.000
G1 X-0.9142 Y-1.2981 F300.000
G1 X-0.9458 Y-1.2753 F300.000
G1 X-0.9768 Y-1.2517 F300.000
G1 X-1.0072 Y-1.2273 F300.000
G1 X-1.0371 Y-1.2022 F300.000
G1 X-1.0662 Y-1.1764 F300.000
G1 X-1.0948 Y-1.1499 F300.000
G1 X-1.1227 Y-1.1227 F300.000
G1 X-1.1499 Y-1.0948 F300.000
G1 X-1.1764 Y-1.0662 F300.000
G1 X-1.2022 Y-1.0371 F300.000
G1 X-1.2273 Y-1.0072 F300.000
G1 X-1.2517 Y-0.9768 F300.000
G1 X-1.2753 Y-0.9458 F300.000
G1 X-1.2981 Y-0.9142 F300.000
G1 X-1.3201 Y-0.8821 F300.000
G1 X-1.3414 Y-0.8494 F300.000
G1 X-1.3618 Y-0.8163 F300.000
G1 X-1.3815 Y-0.7826 F300.000
G1 X-1.4002 Y-0.7484 F300.000
G1 X-1.4182 Y-0.7139 F300.000
G1 X-1.4353 Y-0.6788 F300.000
G1 X-1.4515 Y-0.6434 F300.000
G1 X-1.4669 Y-0.6076 F300.000
G1 X-1.4813 Y-0.5714 F300.000
G1 X-1.4949 Y-0.5349 F300.000
G1 X-1.5076 Y-0.4980 F300.000
G1 X-1.5194 Y-0.4609 F300.000
G1 X-1.5302 Y-0.4235 F300.000
G1 X-1.5401 Y-0.3858 F300.000
G1 X-1.5491 Y-0.3479 F300.000
G1 X-1.5572 Y-0.3097 F300.000
G1 X-1.5643 Y-0.2714 F300.000
G1 X-1.5705 Y-0.2330 F300.000
G1 X-1.5758 Y-0.1944 F300.000
G1 X-1.5801 Y-0.1556 F300.000
G1 X-1.5834 Y-0.1168 F300.000
G1 X-1.5858 Y-0.0779 F300.000
G1 X-1.5872 Y-0.0390 F300.000
G1 X-1.5877 Y0.0000 F300.000
G0 Z5.0000
G0 X-1.5877 Y0.0000
G1 Z-1.5000 F80.000
G1 X-1.5877 Y22.6595 F300.000
G1 Z-1.4000 F80.000
G1 X-1.5877 Y29.8345 F300.000
G1 Z-1.5000 F80.000
G1 X-1.5877 Y40.0000 F300.000
G1 X-1.5872 Y40.0390 F300.000
G1 X-1.5858 Y40.0779 F300.000
G1 X-1.5834 Y40.1168 F300.000
G1 X-1.5801 Y40.1556 F300.000
G1 X-1.5758 Y40.1944 F300.000
G1 X-1.5705 Y40.2330 F300.000
G1 X-1.5643 Y40.2714 F300.000
G1 X-1.5572 Y40.3097 F300.000
G1 X-1.5491 Y40.3479 F300.000
G1 X-1.5401 Y40.3858 F300.000
G1 X-1.5302 Y40.4235 F300.000
G1 X-1.5194 Y40.4609 F300.000
G1 X-1.5076 Y40.4980 F300.000
G1 X-1.4949 Y40.5349 F300.000
G1 X-1.4813 Y40.5714 F300.000
G1 X-1.4669 Y40.6076 F300.000
G1 X-1.4515 Y40.6434 F300.000
G1 X-1.4353 Y40.6788 F300.000
G1 X-1.4182 Y40.7139 F300.000
G1 X-1.4002 Y40.7484 F300.000
G1 X-1.3815 Y40.7826 F300.000
G1 X-1.3618 Y40.8163 F300.000
G1 X-1.3414 Y40.8494 F300.000
G1 X-1.3201 Y40.8821 F300.000
G1 X-1.2981 Y40.9142 F300.000
G1 X-1.2753 Y40.9458 F300.000
G1 X-1.2517 Y40.9768 F300.000
G1 X-1.2273 Y41.0072 F300.000
G1 X-1.2022 Y41.0371 F300.000
G1 X-1.1764 Y41.0662 F300.000
G1 X-1.1499 Y41.0948 F300.000
G1 X-1.1227 Y41.1227 F300.000
G1 X-1.0948 Y41.1499 F300.000
G1 X-1.0662 Y41.1764 F300.000
G1 X-1.0371 Y41.2022 F300.000
G1 X-1.0072 Y41.2273 F300.000
G1 X-0.9768 Y41.2517 F300.000
G1 X-0.9458 Y41.2753 F300.000
G1 X-0.9142 Y41.2981 F300.000
G1 X-0.8821 Y41.3201 F300.000
G1 X-0.8494 Y41.3414 F300.000
G1 X-0.8163 Y41.3618 F300.000
G1 X-0.7826 Y41.3815 F300.000
G1 X-0.7484 Y41.4002 F300.000
G1 X-0.7139 Y41.4182 F300.000
G1 X-0.6788 Y41.4353 F300.000
G1 X-0.6434 Y41.4515 F300.000
G1 X-0.6076 Y41.4669 F300.000
G1 X-0.5714 Y41.4813 F300.000
G1 X-0.5349 Y41.4949 F300.000
G1 X-0.4980 Y41.5076 F300.000
G1 X-0.4609 Y41.5194 F300.000
G1 X-0.4235 Y41.5302 F300.000
G1 X-0.3858 Y41.5401 F300.000
G1 X-0.3479 Y41.5491 F300.000
G1 X-0.3097 Y41.5572 F300.000
G1 X-0.2714 Y41.5643 F300.000
G1 X-0.2330 Y41.5705 F300.000
G1 X-0.1944 Y41.5758 F300.000
G1 X-0.1556 Y41.5801 F300.000
G1 X-0.1168 Y41.5834 F300.000
G1 X-0.0779 Y41.5858 F300.000
G1 X-0.0390 Y41.5872 F300.000
G1 X0.0000 Y41.5877 F300.000
G1 X32.6595 Y41.5877 F300.000
G1 Z-1.4000 F80.000
G1 X39.8345 Y41.5877 F300.000
G1 Z-1.5000 F80.000
G1 X60.0000 Y41.5877 F300.000
G1 X60.0390 Y41.5872 F300.000
G1 X60.0779 Y41.5858 F300.000
G1 X60.1168 Y41.5834 F300.000
G1 X60.1556 Y41.5801 F300.000
G1 X60.1944 Y41.5758 F300.000
G1 X60.2330 Y41.5705 F300.000
G1 X60.2714 Y41.5643 F300.000
G1 X60.3097 Y41.5572 F300.000
G1 X60.3479 Y41.5491 F300.000
G1 X60.3858 Y41.5401 F300.000
G1 X60.4235 Y41.5302 F300.000
G1 X60.4609 Y41.5194 F300.000
G1 X60.4980 Y41.5076 F300.000
G1 X60.5349 Y41.4949 F300.000
G1 X60.5714 Y41.4813 F300.000
G1 X60.6076 Y41.4669 F300.000
G1 X60.6434 Y41.4515 F300.000
G1 X60.6788 Y41.4353 F300.000
G1 X60.7139 Y41.4182 F300.000
G1 X60.7484 Y41.4002 F300.000
G1 X60.7826 Y41.3815 F300.000
G1 X60.8163 Y41.3618 F300.000
G1 X60.8494 Y41.3414 F300.000
G1 X60.8821 Y41.3201 F300.000
G1 X60.9142 Y41.2981 F300.000
G1 X60.9458 Y41.2753 F300.000
G1 X60.9768 Y41.2517 F300.000
G1 X61.0072 Y41.2273 F300.000
G1 X61.0371 Y41.2022 F300.000
G1 X61.0662 Y41.1764 F300.000
G1 X61.0948 Y41.1499 F300.000
G1 X61.1227 Y41.1227 F300.000
G1 X61.1499 Y41.0948 F300.000
G1 X61.1764 Y41.0662 F300.000
G1 X61.2022 Y41.0371 F300.000
G1 X61.2273 Y41.0072 F300.000
G1 X61.2517 Y40.9768 F300.000
G1 X61.2753 Y40.9458 F300.000
G1 X61.2981 Y40.9142 F300.000
G1 X61.3201 Y40.8821 F300.000
G1 X61.3414 Y40.8494 F300.000
G1 X61.3618 Y40.8163 F300.000
G1 X61.3815 Y40.7826 F300.000
G1 X61.4002 Y40.7484 F300.000
G1 X61.4182 Y40.7139 F300.000
G1 X61.4353 Y40.6788 F300.000
G1 X61.4515 Y40.6434 F300.000
G1 X61.4669 Y40.6076 F300.000
G1 X61.4813 Y40.5714 F300.000
G1 X61.4949 Y40.5349 F300.000
G1 X61.5076 Y40.4980 F300.000
G1 X61.5194 Y40.4609 F300.000
G1 X61.5302 Y40.4235 F300.000
G1 X61.5401 Y40.3858 F300.000
G1 X61.5491 Y40.3479 F300.000
G1 X61.5572 Y40.3097 F300.000
G1 X61.5643 Y40.2714 F300.000
G1 X61.5705 Y40.2330 F300.000
G1 X61.5758 Y40.1944 F300.000
G1 X61.5801 Y40.1556 F300.000
G1 X61.5834 Y40.1168 F300.000
G1 X61.5858 Y40.0779 F300.000
G1 X61.5872 Y40.0390 F300.000
G1 X61.5877 Y40.0000 F300.000
G1 X61.5877 Y17.3405 F300.000
G1 Z-1.4000 F80.000
G1 X61.5877 Y10.1655 F300.000
G1 Z-1.5000 F80.000
G1 X61.5877 Y0.0000 F300.000
G1 X61.5872 Y-0.0390 F300.000
G1 X61.5858 Y-0.0779 F300.000
G1 X61.5834 Y-0.1168 F300.000
G1 X61.5801 Y-0.1556 F300.000
G1 X61.5758 Y-0.1944 F300.000
G1 X61.5705 Y-0.2330 F300.000
G1 X61.5643 Y-0.2714 F300.000
G1 X61.5572 Y-0.3097 F300.000
G1 X61.5491 Y-0.3479 F300.000
G1 X61.5401 Y-0.3858 F300.000
G1 X61.5302 Y-0.4235 F300.000
G1 X61.5194 Y-0.4609 F300.000
G1 X61.5076 Y-0.4980 F300.000
G1 X61.4949 Y-0.5349 F300.000
G1 X61.4813 Y-0.5714 F300.000
G1 X61.4669 Y-0.6076 F300.000
G1 X61.4515 Y-0.6434 F300.000
G1 X61.4353 Y-0.6788 F300.000
G1 X61.4182 Y-0.7139 F300.000
G1 X61.4002 Y-0.7484 F300.000
G1 X61.3815 Y-0.7826 F300.000
G1 X61.3618 Y-0.8163 F300.000
G1 X61.3414 Y-0.8494 F300.000
G1 X61.3201 Y-0.8821 F300.000
G1 X61.2981 Y-0.9142 F300.000
G1 X61.2753 Y-0.9458 F300.000
G1 X61.2517 Y-0.9768 F300.000
G1 X61.2273 Y-1.0072 F300.000
G1 X61.2022 Y-1.0371 F300.000
G1 X61.1764 Y-1.0662 F300.000
G1 X61.1499 Y-1.0948 F300.000
G1 X61.1227 Y-1.1227 F300.000
G1 X61.0948 Y-1.1499 F300.000
G1 X61.0662 Y-1.1764 F300.000
G1 X61.0371 Y-1.2022 F300.000
G1 X61.0072 Y-1.2273 F300.000
G1 X60.9768 Y-1.2517 F300.000
G1 X60.9458 Y-1.2753 F300.000
G1 X60.9142 Y-1.2981 F300.000
G1 X60.8821 Y-1.3201 F300.000
G1 X60.8494 Y-1.3414 F300.000
G1 X60.8163 Y-1.3618 F300.000
G1 X60.7826 Y-1.3815 F300.000
G1 X60.7484 Y-1.4002 F300.000
G1 X60.7139 Y-1.4182 F300.000
G1 X60.6788 Y-1.4353 F300.000
G1 X60.6434 Y-1.4515 F300.000
G1 X60.6076 Y-1.4669 F300.000
G1 X60.5714 Y-1.4813 F300.000
G1 X60.5349 Y-1.4949 F300.000
G1 X60.4980 Y-1.5076 F300.000
G1 X60.4609 Y-1.5194 F300.000
G1 X60.4235 Y-1.5302 F300.000
G1 X60.3858 Y-1.5401 F300.000
G1 X60.3479 Y-1.5491 F300.000
G1 X60.3097 Y-1.5572 F300.000
G1 X60.2714 Y-1.5643 F300.000
G1 X60.2330 Y-1.5705 F300.000
G1 X60.1944 Y-1.5758 F300.000
G1 X60.1556 Y-1.5801 F300.000
G1 X60.1168 Y-1.5834 F300.000
G1 X60.0779 Y-1.5858 F300.000
G1 X60.0390 Y-1.5872 F300.000
G1 X60.0000 Y-1.5877 F300.000
G1 X27.3405 Y-1.5877 F300.000
G1 Z-1.4000 F80.000
G1 X20.1655 Y-1.5877 F300.000
G1 Z-1.5000 F80.000
G1 X0.0000 Y-1.5877 F300.000
G1 X-0.0390 Y-1.5872 F300.000
G1 X-0.0779 Y-1.5858 F300.000
G1 X-0.1168 Y-1.5834 F300.000
G1 X-0.1556 Y-1.5801 F300.000
G1 X-0.1944 Y-1.5758 F300.000
G1 X-0.2330 Y-1.5705 F300.000
G1 X-0.2714 Y-1.5643 F300.000
G1 X-0.3097 Y-1.5572 F300.000
G1 X-0.3479 Y-1.5491 F300.000
G1 X-0.3858 Y-1.5401 F300.000
G1 X-0.4235 Y-1.5302 F300.000
G1 X-0.4609 Y-1.5194 F300.000
G1 X-0.4980 Y-1.5076 F300.000
G1 X-0.5349 Y-1.4949 F300.000
G1 X-0.5714 Y-1.4813 F300.000
G1 X-0.6076 Y-1.4669 F300.000
G1 X-0.6434 Y-1.4515 F300.000
G1 X-0.6788 Y-1.4353 F300.000
G1 X-0.7139 Y-1.4182 F300.000
G1 X-0.7484 Y-1.4002 F300.000
G1 X-0.7826 Y-1.3815 F300.000
G1 X-0.8163 Y-1.3618 F300.000
G1 X-0.8494 Y-1.3414 F300.000
G1 X-0.8821 Y-1.3201 F300.000
G1 X-0.9142 Y-1.2981 F300.000
G1 X-0.9458 Y-1.2753 F300.000
G1 X-0.9768 Y-1.2517 F300.000
G1 X-1.0072 Y-1.2273 F300.000
G1 X-1.0371 Y-1.2022 F300.000
G1 X-1.0662 Y-1.1764 F300.000
G1 X-1.0948 Y-1.1499 F300.000
G1 X-1.1227 Y-1.1227 F300.000
G1 X-1.1499 Y-1.0948 F300.000
G1 X-1.1764 Y-1.0662 F300.000
G1 X-1.2022 Y-1.0371 F300.000
G1 X-1.2273 Y-1.0072 F300.000
G1 X-1.2517 Y-0.9768 F300.000
G1 X-1.2753 Y-0.9458 F300.000
G1 X-1.2981 Y-0.9142 F300.000
G1 X-1.3201 Y-0.8821 F300.000
G1 X-1.3414 Y-0.8494 F300.000
G1 X-1.3618 Y-0.8163 F300.000
G1 X-1.3815 Y-0.7826 F300.000
G1 X-1.4002 Y-0.7484 F300.000
G1 X-1.4182 Y-0.7139 F300.000
G1 X-1.4353 Y-0.6788 F300.000
G1 X-1.4515 Y-0.6434 F300.000
G1 X-1.4669 Y-0.6076 F300.000
G1 X-1.4813 Y-0.5714 F300.000
G1 X-1.4949 Y-0.5349 F300.000
G1 X-1.5076 Y-0.4980 F300.000
G1 X-1.5194 Y-0.4609 F300.000
G1 X-1.5302 Y-0.4235 F300.000
G1 X-1.5401 Y-0.3858 F300.000
G1 X-1.5491 Y-0.3479 F300.000
G1 X-1.5572 Y-0.3097 F300.000
G1 X-1.5643 Y-0.2714 F300.000
G1 X-1.5705 Y-0.2330 F300.000
G1 X-1.5758 Y-0.1944 F300.000
G1 X-1.5801 Y-0.1556 F300.000
G1 X-1.5834 Y-0.1168 F300.000
G1 X-1.5858 Y-0.0779 F300.000
G1 X-1.5872 Y-0.0390 F300.000
G1 X-1.5877 Y0.0000 F300.000
G0 Z5.0000
G0 X-1.5877 Y0.0000
G1 Z-2.0000 F80.000
G1 X-1.5877 Y22.6595 F300.000
G1 Z-1.4000 F80.000
G1 X-1.5877 Y29.8345 F300.000
G1 Z-2.0000 F80.000
G1 X-1.5877 Y40.0000 F300.000
G1 X-1.5872 Y40.0390 F300.000
G1 X-1.5858 Y40.0779 F300.000
G1 X-1.5834 Y40.1168 F300.000
G1 X-1.5801 Y40.1556 F300.000
G1 X-1.5758 Y40.1944 F300.000
G1 X-1.5705 Y40.2330 F300.000
G1 X-1.5643 Y40.2714 F300.000
G1 X-1.5572 Y40.3097 F300.000
G1 X-1.5491 Y40.3479 F300.000
G1 X-1.5401 Y40.3858 F300.000
G1 X-1.5302 Y40.4235 F300.000
G1 X-1.5194 Y40.4609 F300.000
G1 X-1.5076 Y40.4980 F300.000
G1 X-1.4949 Y40.5349 F300.000
G1 X-1.4813 Y40.5714 F300.000
G1 X-1.4669 Y40.6076 F300.000
G1 X-1.4515 Y40.6434 F300.000
G1 X-1.4353 Y40.6788 F300.000
G1 X-1.4182 Y40.7139 F300.000
G1 X-1.4002 Y40.7484 F300.000
G1 X-1.3815 Y40.7826 F300.000
G1 X-1.3618 Y40.8163 F300.000
G1 X-1.3414 Y40.8494 F300.000
G1 X-1.3201 Y40.8821 F300.000
G1 X-1.2981 Y40.9142 F300.000
G1 X-1.2753 Y40.9458 F300.000
G1 X-1.2517 Y40.9768 F300.000
G1 X-1.2273 Y41.0072 F300.000
G1 X-1.2022 Y41.0371 F300.000
G1 X-1.1764 Y41.0662 F300.000
G1 X-1.1499 Y41.0948 F300.000
G1 X-1.1227 Y41.1227 F300.000
G1 X-1.0948 Y41.1499 F300.000
G1 X-1.0662 Y41.1764 F300.000
G1 X-1.0371 Y41.2022 F300.000
G1 X-1.0072 Y41.2273 F300.000
G1 X-0.9768 Y41.2517 F300.000
G1 X-0.9458 Y41.2753 F300.000
G1 X-0.9142 Y41.2981 F300.000
G1 X-0.8821 Y41.3201 F300.000
G1 X-0.8494 Y41.3414 F300.000
G1 X-0.8163 Y41.3618 F300.000
G1 X-0.7826 Y41.3815 F300.000
G1 X-0.7484 Y41.4002 F300.000
G1 X-0.7139 Y41.4182 F300.000
G1 X-0.6788 Y41.4353 F300.000
G1 X-0.6434 Y41.4515 F300.000
G1 X-0.6076 Y41.4669 F300.000
G1 X-0.5714 Y41.4813 F300.000
G1 X-0.5349 Y41.4949 F300.000
G1 X-0.4980 Y41.5076 F300.000
G1 X-0.4609 Y41.5194 F300.000
G1 X-0.4235 Y41.5302 F300.000
G1 X-0.3858 Y41.5401 F300.000
G1 X-0.3479 Y41.5491 F300.000
G1 X-0.3097 Y41.5572 F300.000
G1 X-0.2714 Y41.5643 F300.000
G1 X-0.2330 Y41.5705 F300.000
G1 X-0.1944 Y41.5758 F300.000
G1 X-0.1556 Y41.5801 F300.000
G1 X-0.1168 Y41.5834 F300.000
G1 X-0.0779 Y41.5858 F300.000
G1 X-0.0390 Y41.5872 F300.000
G1 X0.0000 Y41.5877 F300.000
G1 X32.6595 Y41.5877 F300.000
G1 Z-1.4000 F80.000
G1 X39.8345 Y41.5877 F300.000
G1 Z-2.0000 F80.000
G1 X60.0000 Y41.5877 F300.000
G1 X60.0390 Y41.5872 F300.000
G1 X60.0779 Y41.5858 F300.000
G1 X60.1168 Y41.5834 F300.000
G1 X60.1556 Y41.5801 F300.000
G1 X60.1944 Y41.5758 F300.000
G1 X60.2330 Y41.5705 F300.000
G1 X60.2714 Y41.5643 F300.000
G1 X60.3097 Y41.5572 F300.000
G1 X60.3479 Y41.5491 F300.000
G1 X60.3858 Y41.5401 F300.000
G1 X60.4235 Y41.5302 F300.000
G1 X60.4609 Y41.5194 F300.000
G1 X60.4980 Y41.5076 F300.000
G1 X60.5349 Y41.4949 F300.000
G1 X60.5714 Y41.4813 F300.000
G1 X60.6076 Y41.4669 F300.000
G1 X60.6434 Y41.4515 F300.000
G1 X60.6788 Y41.4353 F300.000
G1 X60.7139 Y41.4182 F300.000
G1 X60.7484 Y41.4002 F300.000
G1 X60.7826 Y41.3815 F300.000
G1 X60.8163 Y41.3618 F300.000
G1 X60.8494 Y41.3414 F300.000
G1 X60.8821 Y41.3201 F300.000
G1 X60.9142 Y41.2981 F300.000
G1 X60.9458 Y41.2753 F300.000
G1 X60.9768 Y41.2517 F300.000
G1 X61.0072 Y41.2273 F300.000
G1 X61.0371 Y41.2022 F300.000
G1 X61.0662 Y41.1764 F300.000
G1 X61.0948 Y41.1499 F300.000
G1 X61.1227 Y41.1227 F300.000
G1 X61.1499 Y41.0948 F300.000
G1 X61.1764 Y41.0662 F300.000
G1 X61.2022 Y41.0371 F300.000
G1 X61.2273 Y41.0072 F300.000
G1 X61.2517 Y40.9768 F300.000
G1 X61.2753 Y40.9458 F300.000
G1 X61.2981 Y40.9142 F300.000
G1 X61.3201 Y40.8821 F300.000
G1 X61.3414 Y40.8494 F300.000
G1 X61.3618 Y40.8163 F300.000
G1 X61.3815 Y40.7826 F300.000
G1 X61.4002 Y40.7484 F300.000
G1 X61.4182 Y40.7139 F300.000
G1 X61.4353 Y40.6788 F300.000
G1 X61.4515 Y40.6434 F300.000
G1 X61.4669 Y40.6076 F300.000
G1 X61.4813 Y40.5714 F300.000
G1 X61.4949 Y40.5349 F300.000
G1 X61.5076 Y40.4980 F300.000
G1 X61.5194 Y40.4609 F300.000
G1 X61.5302 Y40.4235 F300.000
G1 X61.5401 Y40.3858 F300.000
G1 X61.5491 Y40.3479 F300.000
G1 X61.5572 Y40.3097 F300.000
G1 X61.5643 Y40.2714 F300.000
G1 X61.5705 Y40.2330 F300.000
G1 X61.5758 Y40.1944 F300.000
G1 X61.5801 Y40.1556 F300.000
G1 X61.5834 Y40.1168 F300.000
G1 X61.5858 Y40.0779 F300.000
G1 X61.5872 Y40.0390 F300.000
G1 X61.5877 Y40.0000 F300.000
G1 X61.5877 Y17.3405 F300.000
G1 Z-1.4000 F80.000
G1 X61.5877 Y10.1655 F300.000
G1 Z-2.0000 F80.000
G1 X61.5877 Y0.0000 F300.000
G1 X61.5872 Y-0.0390 F300.000
G1 X61.5858 Y-0.0779 F300.000
G1 X61.5834 Y-0.1168 F300.000
G1 X61.5801 Y-0.1556 F300.000
G1 X61.5758 Y-0.1944 F300.000
G1 X61.5705 Y-0.2330 F300.000
G1 X61.5643 Y-0.2714 F300.000
G1 X61.5572 Y-0.3097 F300.000
G1 X61.5491 Y-0.3479 F300.000
G1 X61.5401 Y-0.3858 F300.000
G1 X61.5302 Y-0.4235 F300.000
G1 X61.5194 Y-0.4609 F300.000
G1 X61.5076 Y-0.4980 F300.000
G1 X61.4949 Y-0.5349 F300.000
G1 X61.4813 Y-0.5714 F300.000
G1 X61.4669 Y-0.6076 F300.000
G1 X61.4515 Y-0.6434 F300.000
G1 X61.4353 Y-0.6788 F300.000
G1 X61.4182 Y-0.7139 F300.000
G1 X61.4002 Y-0.7484 F300.000
G1 X61.3815 Y-0.7826 F300.000
G1 X61.3618 Y-0.8163 F300.000
G1 X61.3414 Y-0.8494 F300.000
G1 X61.3201 Y-0.8821 F300.000
G1 X61.2981 Y-0.9142 F300.000
G1 X61.2753 Y-0.9458 F300.000
G1 X61.2517 Y-0.9768 F300.000
G1 X61.2273 Y-1.0072 F300.000
G1 X61.2022 Y-1.0371 F300.000
G1 X61.1764 Y-1.0662 F300.000
G1 X61.1499 Y-1.0948 F300.000
G1 X61.1227 Y-1.1227 F300.000
G1 X61.0948 Y-1.1499 F300.000
G1 X61.0662 Y-1.1764 F300.000
G1 X61.0371 Y-1.2022 F300.000
G1 X61.0072 Y-1.2273 F300.000
G1 X60.9768 Y-1.2517 F300.000
G1 X60.9458 Y-1.2753 F300.000
G1 X60.9142 Y-1.2981 F300.000
G1 X60.8821 Y-1.3201 F300.000
G1 X60.8494 Y-1.3414 F300.000
G1 X60.8163 Y-1.3618 F300.000
G1 X60.7826 Y-1.3815 F300.000
G1 X60.7484 Y-1.4002 F300.000
G1 X60.7139 Y-1.4182 F300.000
G1 X60.6788 Y-1.4353 F300.000
G1 X60.6434 Y-1.4515 F300.000
G1 X60.6076 Y-1.4669 F300.000
G1 X60.5714 Y-1.4813 F300.000
G1 X60.5349 Y-1.4949 F300.000
G1 X60.4980 Y-1.5076 F300.000
G1 X60.4609 Y-1.5194 F300.000
G1 X60.4235 Y-1.5302 F300.000
G1 X60.3858 Y-1.5401 F300.000
G1 X60.3479 Y-1.5491 F300.000
G1 X60.3097 Y-1.5572 F300.000
G1 X60.2714 Y-1.5643 F300.000
G1 X60.2330 Y-1.5705 F300.000
G1 X60.1944 Y-1.5758 F300.000
G1 X60.1556 Y-1.5801 F300.000
G1 X60.1168 Y-1.5834 F300.000
G1 X60.0779 Y-1.5858 F300.000
G1 X60.0390 Y-1.5872 F300.000
G1 X60.0000 Y-1.5877 F300.000
G1 X27.3405 Y-1.5877 F300.000
G1 Z-1.4000 F80.000
G1 X20.1655 Y-1.5877 F300.000
G1 Z-2.0000 F80.000
G1 X0.0000 Y-1.5877 F300.000
G1 X-0.0390 Y-1.5872 F300.000
G1 X-0.0779 Y-1.5858 F300.000
G1 X-0.1168 Y-1.5834 F300.000
G1 X-0.1556 Y-1.5801 F300.000
G1 X-0.1944 Y-1.5758 F300.000
G1 X-0.2330 Y-1.5705 F300.000
G1 X-0.2714 Y-1.5643 F300.000
G1 X-0.3097 Y-1.5572 F300.000
G1 X-0.3479 Y-1.5491 F300.000
G1 X-0.3858 Y-1.5401 F300.000
G1 X-0.4235 Y-1.5302 F300.000
G1 X-0.4609 Y-1.5194 F300.000
G1 X-0.4980 Y-1.5076 F300.000
G1 X-0.5349 Y-1.4949 F300.000
G1 X-0.5714 Y-1.4813 F300.000
G1 X-0.6076 Y-1.4669 F300.000
G1 X-0.6434 Y-1.4515 F300.000
G1 X-0.6788 Y-1.4353 F300.000
G1 X-0.7139 Y-1.4182 F300.000
G1 X-0.7484 Y-1.4002 F300.000
G1 X-0.7826 Y-1.3815 F300.000
G1 X-0.8163 Y-1.3618 F300.000
G1 X-0.8494 Y-1.3414 F300.000
G1 X-0.8821 Y-1.3201 F300.000
G1 X-0.9142 Y-1.2981 F300.000
G1 X-0.9458 Y-1.2753 F300.000
G1 X-0.9768 Y-1.2517 F300.000
G1 X-1.0072 Y-1.2273 F300.000
G1 X-1.0371 Y-1.2022 F300.000
G1 X-1.0662 Y-1.1764 F300.000
G1 X-1.0948 Y-1.1499 F300.000
G1 X-1.1227 Y-1.1227 F300.000
G1 X-1.1499 Y-1.0948 F300.000
G1 X-1.1764 Y-1.0662 F300.000
G1 X-1.2022 Y-1.0371 F300.000
G1 X-1.2273 Y-1.0072 F300.000
G1 X-1.2517 Y-0.9768 F300.000
G1 X-1.2753 Y-0.9458 F300.000
G1 X-1.2981 Y-0.9142 F300.000
G1 X-1.3201 Y-0.8821 F300.000
G1 X-1.3414 Y-0.8494 F300.000
G1 X-1.3618 Y-0.8163 F300.000
G1 X-1.3815 Y-0.7826 F300.000
G1 X-1.4002 Y-0.7484 F300.000
G1 X-1.4182 Y-0.7139 F300.000
G1 X-1.4353 Y-0.6788 F300.000
G1 X-1.4515 Y-0.6434 F300.000
G1 X-1.4669 Y-0.6076 F300.000
G1 X-1.4813 Y-0.5714 F300.000
G1 X-1.4949 Y-0.5349 F300.000
G1 X-1.5076 Y-0.4980 F300.000
G1 X-1.5194 Y-0.4609 F300.000
G1 X-1.5302 Y-0.4235 F300.000
G1 X-1.5401 Y-0.3858 F300.000
G1 X-1.5491 Y-0.3479 F300.000
G1 X-1.5572 Y-0.3097 F300.000
G1 X-1.5643 Y-0.2714 F300.000
G1 X-1.5705 Y-0.2330 F300.000
G1 X-1.5758 Y-0.1944 F300.000
G1 X-1.5801 Y-0.1556 F300.000
G1 X-1.5834 Y-0.1168 F300.000
G1 X-1.5858 Y-0.0779 F300.000
G1 X-1.5872 Y-0.0390 F300.000
G1 X-1.5877 Y0.0000 F300.000
G0 Z5.0000
M5
M2
